{
	"id": "02203f9a-bf4a-4b7c-9cee-4a03b288e070",
	"name": "school_ukk_laundry",
	"values": [
		{
			"key": "database",
			"value": "school_ukk_laundry",
			"type": "default",
			"enabled": true
		},
		{
			"key": "base_url",
			"value": "http://localhost/school/ukk/laundry",
			"type": "default",
			"enabled": true
		},
		{
			"key": "year_code",
			"value": "2022-2024",
			"type": "default",
			"enabled": true
		},
		{
			"key": "copyright_notices",
			"value": "All Rights Reserved",
			"type": "default",
			"enabled": true
		},
		{
			"key": "tabel4",
			"value": "tb_member",
			"type": "default",
			"enabled": true
		},
		{
			"key": "tabel4_alias",
			"value": "Member",
			"type": "default",
			"enabled": true
		},
		{
			"key": "tabel4_alias2",
			"value": "Profil",
			"type": "default",
			"enabled": true
		},
		{
			"key": "tabel4_field1",
			"value": "id_member",
			"type": "default",
			"enabled": true
		},
		{
			"key": "tabel4_field1_alias",
			"value": "ID Member",
			"type": "default",
			"enabled": true
		},
		{
			"key": "tabel4_field2",
			"value": "nama",
			"type": "default",
			"enabled": true
		},
		{
			"key": "tabel4_field2_alias",
			"value": "Nama",
			"type": "default",
			"enabled": true
		},
		{
			"key": "tabel4_field3",
			"value": "alamat",
			"type": "default",
			"enabled": true
		},
		{
			"key": "tabel4_field3_alias",
			"value": "Alamat",
			"type": "default",
			"enabled": true
		},
		{
			"key": "tabel4_field4",
			"value": "jenis_kelamin",
			"type": "default",
			"enabled": true
		},
		{
			"key": "tabel4_field4_alias",
			"value": "Jenis Kelamin",
			"type": "default",
			"enabled": true
		},
		{
			"key": "tabel4_field5",
			"value": "tlp",
			"type": "default",
			"enabled": true
		},
		{
			"key": "tabel4_field5_alias",
			"value": "No Telepon",
			"type": "default",
			"enabled": true
		},
		{
			"key": "tabel5",
			"value": "tb_paket",
			"type": "default",
			"enabled": true
		},
		{
			"key": "tabel5_alias",
			"value": "Paket",
			"type": "default",
			"enabled": true
		},
		{
			"key": "tabel5_field1",
			"value": "id_paket",
			"type": "default",
			"enabled": true
		},
		{
			"key": "tabel5_field1_alias",
			"value": "ID Paket",
			"type": "default",
			"enabled": true
		},
		{
			"key": "tabel5_field2",
			"value": "id_outlet",
			"type": "default",
			"enabled": true
		},
		{
			"key": "tabel5_field2_alias",
			"value": "ID Outlet",
			"type": "default",
			"enabled": true
		},
		{
			"key": "tabel5_field3",
			"value": "jenis",
			"type": "default",
			"enabled": true
		},
		{
			"key": "tabel5_field3_alias",
			"value": "Jenis Paket",
			"type": "default",
			"enabled": true
		},
		{
			"key": "tabel5_field4",
			"value": "nama_paket",
			"type": "default",
			"enabled": true
		},
		{
			"key": "tabel5_field4_alias",
			"value": "Nama Paket",
			"type": "default",
			"enabled": true
		},
		{
			"key": "tabel5_field5",
			"value": "harga",
			"type": "default",
			"enabled": true
		},
		{
			"key": "tabel5_field5_alias",
			"value": "Harga",
			"type": "default",
			"enabled": true
		},
		{
			"key": "tabel6",
			"value": "tb_outlet",
			"type": "default",
			"enabled": true
		},
		{
			"key": "tabel6_alias",
			"value": "Outlet",
			"type": "default",
			"enabled": true
		},
		{
			"key": "tabel6_field1",
			"value": "id_outlet",
			"type": "default",
			"enabled": true
		},
		{
			"key": "tabel6_field1_alias",
			"value": "ID Outlet",
			"type": "default",
			"enabled": true
		},
		{
			"key": "tabel6_field2",
			"value": "nama",
			"type": "default",
			"enabled": true
		},
		{
			"key": "tabel6_field2_alias",
			"value": "Nama Barang",
			"type": "default",
			"enabled": true
		},
		{
			"key": "tabel6_field3",
			"value": "alamat",
			"type": "default",
			"enabled": true
		},
		{
			"key": "tabel6_field3_alias",
			"value": "Alamat",
			"type": "default",
			"enabled": true
		},
		{
			"key": "tabel6_field4",
			"value": "harga_awal",
			"type": "default",
			"enabled": true
		},
		{
			"key": "tabel6_field4_alias",
			"value": "Harga Awal",
			"type": "default",
			"enabled": true
		},
		{
			"key": "tabel7",
			"value": "tb_pengaturan",
			"type": "default",
			"enabled": true
		},
		{
			"key": "tabel7_alias",
			"value": "Pengaturan Website",
			"type": "default",
			"enabled": true
		},
		{
			"key": "tabel7_field1",
			"value": "id",
			"type": "default",
			"enabled": true
		},
		{
			"key": "tabel7_field1_alias",
			"value": "ID Website",
			"type": "default",
			"enabled": true
		},
		{
			"key": "tabel7_field2",
			"value": "nama",
			"type": "default",
			"enabled": true
		},
		{
			"key": "tabel7_field2_alias",
			"value": "Nama Website",
			"type": "default",
			"enabled": true
		},
		{
			"key": "tabel7_field3",
			"value": "favicon",
			"type": "default",
			"enabled": true
		},
		{
			"key": "tabel7_field3_alias",
			"value": "Favicon",
			"type": "default",
			"enabled": true
		},
		{
			"key": "tabel7_field4",
			"value": "logo",
			"type": "default",
			"enabled": true
		},
		{
			"key": "tabel7_field4_alias",
			"value": "Logo",
			"type": "default",
			"enabled": true
		},
		{
			"key": "tabel7_field5",
			"value": "foto",
			"type": "default",
			"enabled": true
		},
		{
			"key": "tabel7_field5_alias",
			"value": "Foto",
			"type": "default",
			"enabled": true
		},
		{
			"key": "tabel7_field6",
			"value": "alamat",
			"type": "default",
			"enabled": true
		},
		{
			"key": "tabel7_field6_alias",
			"value": "Alamat",
			"type": "default",
			"enabled": true
		},
		{
			"key": "tabel7_field7",
			"value": "email",
			"type": "default",
			"enabled": true
		},
		{
			"key": "tabel7_field7_alias",
			"value": "Email",
			"type": "default",
			"enabled": true
		},
		{
			"key": "tabel7_field8",
			"value": "hp",
			"type": "default",
			"enabled": true
		},
		{
			"key": "tabel7_field8_alias",
			"value": "No HP",
			"type": "default",
			"enabled": true
		},
		{
			"key": "tabel7_field9",
			"value": "metadesc",
			"type": "default",
			"enabled": true
		},
		{
			"key": "tabel7_field9_alias",
			"value": "Metadesc",
			"type": "default",
			"enabled": true
		},
		{
			"key": "tabel7_field10",
			"value": "fb",
			"type": "default",
			"enabled": true
		},
		{
			"key": "tabel7_field10_alias",
			"value": "Akun Facebook",
			"type": "default",
			"enabled": true
		},
		{
			"key": "tabel7_field11",
			"value": "ig",
			"type": "default",
			"enabled": true
		},
		{
			"key": "tabel7_field11_alias",
			"value": "Akun Instagram",
			"type": "default",
			"enabled": true
		},
		{
			"key": "tabel7_field12",
			"value": "id_event",
			"type": "default",
			"enabled": true
		},
		{
			"key": "tabel7_field12_alias",
			"value": "ID Event",
			"type": "default",
			"enabled": true
		},
		{
			"key": "tabel8",
			"value": "tb_transaksi",
			"type": "default",
			"enabled": true
		},
		{
			"key": "tabel8_alias",
			"value": "Transaksi",
			"type": "default",
			"enabled": true
		},
		{
			"key": "tabel8_field1",
			"value": "id_transaksi",
			"type": "default",
			"enabled": true
		},
		{
			"key": "tabel8_field1_alias",
			"value": "ID Transaksi",
			"type": "default",
			"enabled": true
		},
		{
			"key": "tabel8_field2",
			"value": "id_outlet",
			"type": "default",
			"enabled": true
		},
		{
			"key": "tabel8_field2_alias",
			"value": "ID Outlet",
			"type": "default",
			"enabled": true
		},
		{
			"key": "tabel8_field3",
			"value": "kode_invoice",
			"type": "default",
			"enabled": true
		},
		{
			"key": "tabel8_field3_alias",
			"value": "Kode Invoice",
			"type": "default",
			"enabled": true
		},
		{
			"key": "tabel8_field4",
			"value": "id_member",
			"type": "default",
			"enabled": true
		},
		{
			"key": "tabel8_field4_alias",
			"value": "ID Member",
			"type": "default",
			"enabled": true
		},
		{
			"key": "tabel8_field5",
			"value": "tgl",
			"type": "date",
			"enabled": true
		},
		{
			"key": "tabel8_field5_alias",
			"value": "Tanggal",
			"type": "date",
			"enabled": true
		},
		{
			"key": "tabel8_field6",
			"value": "batas_waktu",
			"type": "date",
			"enabled": true
		},
		{
			"key": "tabel8_field6_alias",
			"value": "Batas Waktu",
			"type": "date",
			"enabled": true
		},
		{
			"key": "tabel8_field7",
			"value": "tgl_bayar",
			"type": "date",
			"enabled": true
		},
		{
			"key": "tabel8_field7_alias",
			"value": "Tanggal Bayar",
			"type": "date",
			"enabled": true
		},
		{
			"key": "tabel8_field8",
			"value": "biaya_tambahan",
			"type": "number",
			"enabled": true
		},
		{
			"key": "tabel8_field8_alias",
			"value": "Biaya Tambahan",
			"type": "number",
			"enabled": true
		},
		{
			"key": "tabel8_field9",
			"value": "diskon",
			"type": "number",
			"enabled": true
		},
		{
			"key": "tabel8_field9_alias",
			"value": "Diskon",
			"type": "number",
			"enabled": true
		},
		{
			"key": "tabel8_field10",
			"value": "pajak",
			"type": "number",
			"enabled": true
		},
		{
			"key": "tabel8_field10_alias",
			"value": "Pajak",
			"type": "number",
			"enabled": true
		},
		{
			"key": "tabel8_field11",
			"value": "status",
			"type": "string",
			"enabled": true
		},
		{
			"key": "tabel8_field11_alias",
			"value": "Status",
			"type": "string",
			"enabled": true
		},
		{
			"key": "tabel8_field12",
			"value": "dibayar",
			"type": "boolean",
			"enabled": true
		},
		{
			"key": "tabel8_field12_alias",
			"value": "Dibayar",
			"type": "string",
			"enabled": true
		},
		{
			"key": "tabel8_field13",
			"value": "id_user",
			"type": "boolean",
			"enabled": true
		},
		{
			"key": "tabel8_field13_alias",
			"value": "ID User",
			"type": "string",
			"enabled": true
		},
		{
			"key": "tabel9",
			"value": "tb_user",
			"type": "default",
			"enabled": true
		},
		{
			"key": "tabel9_alias",
			"value": "User",
			"type": "default",
			"enabled": true
		},
		{
			"key": "tabel9_alias2",
			"value": "Profil",
			"type": "default",
			"enabled": true
		},
		{
			"key": "tabel9_field1",
			"value": "id_user",
			"type": "default",
			"enabled": true
		},
		{
			"key": "tabel9_field1_alias",
			"value": "ID User",
			"type": "default",
			"enabled": true
		},
		{
			"key": "tabel9_field2",
			"value": "nama",
			"type": "default",
			"enabled": true
		},
		{
			"key": "tabel9_field2_alias",
			"value": "Nama",
			"type": "default",
			"enabled": true
		},
		{
			"key": "tabel9_field3",
			"value": "username",
			"type": "default",
			"enabled": true
		},
		{
			"key": "tabel9_field3_alias",
			"value": "Username",
			"type": "default",
			"enabled": true
		},
		{
			"key": "tabel9_field4",
			"value": "password",
			"type": "default",
			"enabled": true
		},
		{
			"key": "tabel9_field4_alias",
			"value": "Password",
			"type": "default",
			"enabled": true
		},
		{
			"key": "tabel9_field5",
			"value": "id_outlet",
			"type": "default",
			"enabled": true
		},
		{
			"key": "tabel9_field5_alias",
			"value": "ID Outlet",
			"type": "default",
			"enabled": true
		},
		{
			"key": "tabel9_field6",
			"value": "role",
			"type": "default",
			"enabled": true
		},
		{
			"key": "tabel9_field6_alias",
			"value": "Role",
			"type": "default",
			"enabled": true
		},
		{
			"key": "tabel9_field6_value1",
			"value": "",
			"type": "default",
			"enabled": true
		},
		{
			"key": "tabel9_field6_value2",
			"value": "accounting",
			"type": "default",
			"enabled": true
		},
		{
			"key": "tabel9_field6_value2_alias",
			"value": "Accounting",
			"type": "default",
			"enabled": true
		},
		{
			"key": "tabel9_field6_value3",
			"value": "admin",
			"type": "default",
			"enabled": true
		},
		{
			"key": "tabel9_field6_value3_alias",
			"value": "Administrator",
			"type": "default",
			"enabled": true
		},
		{
			"key": "tabel9_field6_value4",
			"value": "kasir",
			"type": "default",
			"enabled": true
		},
		{
			"key": "tabel9_field6_value4_alias",
			"value": "Kasir",
			"type": "default",
			"enabled": true
		},
		{
			"key": "tabel9_field6_value5",
			"value": "member",
			"type": "default",
			"enabled": true
		},
		{
			"key": "tabel9_field6_value5_alias",
			"value": "Member",
			"type": "default",
			"enabled": true
		},
		{
			"key": "tabel9_field7",
			"value": "login_count",
			"type": "default",
			"enabled": true
		},
		{
			"key": "tabel9_field7_alias",
			"value": "Jumlah Login",
			"type": "default",
			"enabled": true
		},
		{
			"key": "tabel10",
			"value": "tb_detail_transaksi",
			"type": "default",
			"enabled": true
		},
		{
			"key": "tabel10_alias",
			"value": "Detail Transaksi",
			"type": "default",
			"enabled": true
		},
		{
			"key": "tabel10_field1",
			"value": "id_detail",
			"type": "default",
			"enabled": true
		},
		{
			"key": "tabel10_field1_alias",
			"value": "ID Detail",
			"type": "default",
			"enabled": true
		},
		{
			"key": "tabel10_field2",
			"value": "id_transaksi",
			"type": "default",
			"enabled": true
		},
		{
			"key": "tabel10_field2_alias",
			"value": "ID Transaksi",
			"type": "default",
			"enabled": true
		},
		{
			"key": "tabel10_field3",
			"value": "id_paket",
			"type": "default",
			"enabled": true
		},
		{
			"key": "tabel10_field3_alias",
			"value": "ID Paket",
			"type": "default",
			"enabled": true
		},
		{
			"key": "tabel10_field4",
			"value": "qty",
			"type": "default",
			"enabled": true
		},
		{
			"key": "tabel10_field4_alias",
			"value": "Qty",
			"type": "default",
			"enabled": true
		},
		{
			"key": "tabel10_field5",
			"value": "keterangan",
			"type": "default",
			"enabled": true
		},
		{
			"key": "tabel10_field5_alias",
			"value": "Keterangan",
			"type": "default",
			"enabled": true
		},
		{
			"key": "tabel11",
			"value": "operations",
			"type": "default",
			"enabled": true
		},
		{
			"key": "tabel11_alias",
			"value": "Operasional Hotel",
			"type": "default",
			"enabled": true
		},
		{
			"key": "tabel11_field1",
			"value": "id_operations",
			"type": "default",
			"enabled": true
		},
		{
			"key": "tabel11_field1_alias",
			"value": "ID Operasional",
			"type": "default",
			"enabled": true
		},
		{
			"key": "tabel11_field2",
			"value": "no_kamar",
			"type": "default",
			"enabled": true
		},
		{
			"key": "tabel11_field2_alias",
			"value": "No Kamar",
			"type": "default",
			"enabled": true
		},
		{
			"key": "tabel11_field3",
			"value": "id_user",
			"type": "default",
			"enabled": true
		},
		{
			"key": "tabel11_field3_alias",
			"value": "ID User",
			"type": "default",
			"enabled": true
		},
		{
			"key": "tabel11_field4",
			"value": "id_petugas",
			"type": "default",
			"enabled": true
		},
		{
			"key": "tabel11_field4_alias",
			"value": "ID Petugas",
			"type": "default",
			"enabled": true
		},
		{
			"key": "tabel11_field5",
			"value": "status",
			"type": "default",
			"enabled": true
		},
		{
			"key": "tabel11_field5_alias",
			"value": "Status",
			"type": "default",
			"enabled": true
		},
		{
			"key": "tabel11_field6",
			"value": "keterangan",
			"type": "default",
			"enabled": true
		},
		{
			"key": "tabel11_field6_alias",
			"value": "Keterangan",
			"type": "default",
			"enabled": true
		},
		{
			"key": "tabel11_field7",
			"value": "tgl_perubahan",
			"type": "default",
			"enabled": true
		},
		{
			"key": "tabel11_field7_alias",
			"value": "Tanggal Perubahan",
			"type": "default",
			"enabled": true
		},
		{
			"key": "tabel12",
			"value": "tb_decoration",
			"type": "default",
			"enabled": true
		},
		{
			"key": "tabel12_alias",
			"value": "Dekorasi Website",
			"type": "default",
			"enabled": true
		},
		{
			"key": "tabel12_field1",
			"value": "id_decor",
			"type": "default",
			"enabled": true
		},
		{
			"key": "tabel12_field1_alias",
			"value": "ID Decor",
			"type": "default",
			"enabled": true
		},
		{
			"key": "tabel12_field2",
			"value": "kode",
			"type": "default",
			"enabled": true
		},
		{
			"key": "tabel12_field2_alias",
			"value": "Kode Gambar",
			"type": "default",
			"enabled": true
		},
		{
			"key": "tabel12_field3",
			"value": "img",
			"type": "default",
			"enabled": true
		},
		{
			"key": "tabel12_field3_alias",
			"value": "Foto",
			"type": "default",
			"enabled": true
		},
		{
			"key": "tabel12_field4",
			"value": "keterangan",
			"type": "default",
			"enabled": true
		},
		{
			"key": "tabel12_field4_alias",
			"value": "Untuk Halaman...",
			"type": "default",
			"enabled": true
		},
		{
			"key": "tabel13",
			"value": "tb_events",
			"type": "default",
			"enabled": true
		},
		{
			"key": "tabel13_alias",
			"value": "Event Website",
			"type": "default",
			"enabled": true
		},
		{
			"key": "tabel13_field1",
			"value": "id_event",
			"type": "default",
			"enabled": true
		},
		{
			"key": "tabel13_field1_alias",
			"value": "ID Event",
			"type": "default",
			"enabled": true
		},
		{
			"key": "tabel13_field2",
			"value": "nama",
			"type": "default",
			"enabled": true
		},
		{
			"key": "tabel13_field2_alias",
			"value": "Nama Event",
			"type": "default",
			"enabled": true
		},
		{
			"key": "tabel13_field3",
			"value": "slogan",
			"type": "default",
			"enabled": true
		},
		{
			"key": "tabel13_field3_alias",
			"value": "Slogan",
			"type": "default",
			"enabled": true
		},
		{
			"key": "tabel13_field4",
			"value": "img",
			"type": "default",
			"enabled": true
		},
		{
			"key": "tabel13_field4_alias",
			"value": "Foto",
			"type": "default",
			"enabled": true
		},
		{
			"key": "tabel13_field5",
			"value": "keterangan",
			"type": "default",
			"enabled": true
		},
		{
			"key": "tabel13_field5_alias",
			"value": "Keterangan",
			"type": "default",
			"enabled": true
		}
	],
	"_postman_variable_scope": "environment",
	"_postman_exported_at": "2024-04-03T14:13:55.349Z",
	"_postman_exported_using": "Postman/10.24.15"
}
