{
	"id": "02203f9a-bf4a-4b7c-9cee-4a03b233e025",
	"name": "school_ukk_restoran",
	"values": [
		{
			"key": "tabel4",
			"value": "member",
			"type": "default",
			"enabled": true
		},
		{
			"key": "tabel4_alias",
			"value": "Member",
			"type": "default",
			"enabled": true
		},
		{
			"key": "tabel4_alias2",
			"value": "Profil",
			"type": "default",
			"enabled": true
		},
		{
			"key": "tabel5",
			"value": "menu",
			"type": "default",
			"enabled": true
		},
		{
			"key": "tabel5_alias",
			"value": "Menu",
			"type": "default",
			"enabled": true
		},
		{
			"key": "tabel6",
			"value": "spp",
			"type": "default",
			"enabled": true
		},
		{
			"key": "tabel6_alias",
			"value": "SPP",
			"type": "default",
			"enabled": true
		},
		{
			"key": "tabel7",
			"value": "pengaturan",
			"type": "default",
			"enabled": true
		},
		{
			"key": "tabel7_alias",
			"value": "Pengaturan Website",
			"type": "default",
			"enabled": true
		},
		{
			"key": "tabel8",
			"value": "pesanan",
			"type": "default",
			"enabled": true
		},
		{
			"key": "tabel8_alias",
			"value": "Pesanan",
			"type": "default",
			"enabled": true
		},
		{
			"key": "tabel9",
			"value": "petugas",
			"type": "default",
			"enabled": true
		},
		{
			"key": "tabel9_alias",
			"value": "Petugas",
			"type": "default",
			"enabled": true
		},
		{
			"key": "tabel9_alias2",
			"value": "Profil",
			"type": "default",
			"enabled": true
		},
		{
			"key": "tabel10",
			"value": "transaksi",
			"type": "default",
			"enabled": true
		},
		{
			"key": "tabel10_alias",
			"value": "Transaksi",
			"type": "default",
			"enabled": true
		},
		{
			"key": "tabel12",
			"value": "decoration",
			"type": "default",
			"enabled": true
		},
		{
			"key": "tabel12_alias",
			"value": "Dekorasi Website",
			"type": "default",
			"enabled": true
		},
		{
			"key": "tabel13",
			"value": "events",
			"type": "default",
			"enabled": true
		},
		{
			"key": "tabel13_alias",
			"value": "Event Website",
			"type": "default",
			"enabled": true
		}
	],
	"_postman_variable_scope": "environment",
	"_postman_exported_at": "2024-04-03T14:13:55.349Z",
	"_postman_exported_using": "Postman/10.24.15"
}
