{
	"id": "02203f9a-bf4a-4b7c-9cee-4a03b288e070",
	"name": "school_ukk_laundry",
	"values": [
		{
			"key": "tabel4",
			"value": "tb_member",
			"type": "default",
			"enabled": true
		},
		{
			"key": "tabel4_alias",
			"value": "Member",
			"type": "default",
			"enabled": true
		},
		{
			"key": "tabel4_alias2",
			"value": "Profil",
			"type": "default",
			"enabled": true
		},
		{
			"key": "tabel5",
			"value": "tb_paket",
			"type": "default",
			"enabled": true
		},
		{
			"key": "tabel5_alias",
			"value": "Paket",
			"type": "default",
			"enabled": true
		},
		{
			"key": "tabel6",
			"value": "tb_outlet",
			"type": "default",
			"enabled": true
		},
		{
			"key": "tabel6_alias",
			"value": "Outlet",
			"type": "default",
			"enabled": true
		},
		{
			"key": "tabel7",
			"value": "tb_pengaturan",
			"type": "default",
			"enabled": true
		},
		{
			"key": "tabel7_alias",
			"value": "Pengaturan Website",
			"type": "default",
			"enabled": true
		},
		{
			"key": "tabel8",
			"value": "tb_transaksi",
			"type": "default",
			"enabled": true
		},
		{
			"key": "tabel8_alias",
			"value": "Transaksi",
			"type": "default",
			"enabled": true
		},
		{
			"key": "tabel9",
			"value": "tb_user",
			"type": "default",
			"enabled": true
		},
		{
			"key": "tabel9_alias",
			"value": "User",
			"type": "default",
			"enabled": true
		},
		{
			"key": "tabel9_alias2",
			"value": "Profil",
			"type": "default",
			"enabled": true
		},
		{
			"key": "tabel10",
			"value": "tb_detail_transaksi",
			"type": "default",
			"enabled": true
		},
		{
			"key": "tabel10_alias",
			"value": "Detail Transaksi",
			"type": "default",
			"enabled": true
		},
		{
			"key": "tabel11",
			"value": "operations",
			"type": "default",
			"enabled": true
		},
		{
			"key": "tabel11_alias",
			"value": "Operasional Hotel",
			"type": "default",
			"enabled": true
		},
		{
			"key": "tabel12",
			"value": "tb_decoration",
			"type": "default",
			"enabled": true
		},
		{
			"key": "tabel12_alias",
			"value": "Dekorasi Website",
			"type": "default",
			"enabled": true
		},
		{
			"key": "tabel13",
			"value": "tb_events",
			"type": "default",
			"enabled": true
		},
		{
			"key": "tabel13_alias",
			"value": "Event Website",
			"type": "default",
			"enabled": true
		}
	],
	"_postman_variable_scope": "environment",
	"_postman_exported_at": "2024-04-03T14:13:55.349Z",
	"_postman_exported_using": "Postman/10.24.15"
}
