{
	"id": "02203f9a-bf4a-4b7c-9cee-4a03a233d025",
	"name": "school_ukk_hotel_tables",
	"values": [
		{
			"key": "tabel4",
			"value": "tb_masyarakat",
			"type": "default",
			"enabled": true
		},
		{
			"key": "tabel4_alias",
			"value": "Masyarakat",
			"type": "default",
			"enabled": true
		},
		{
			"key": "tabel4_alias2",
			"value": "Profil",
			"type": "default",
			"enabled": true
		},
		{
			"key": "tabel5",
			"value": "tb_level",
			"type": "default",
			"enabled": true
		},
		{
			"key": "tabel5_alias",
			"value": "Level",
			"type": "default",
			"enabled": true
		},
		{
			"key": "tabel6",
			"value": "tb_barang",
			"type": "default",
			"enabled": true
		},
		{
			"key": "tabel6_alias",
			"value": "Barang Lelang",
			"type": "default",
			"enabled": true
		},
		{
			"key": "tabel7",
			"value": "tb_pengaturan",
			"type": "default",
			"enabled": true
		},
		{
			"key": "tabel7_alias",
			"value": "Pengaturan Website",
			"type": "default",
			"enabled": true
		},
		{
			"key": "tabel8",
			"value": "tb_lelang",
			"type": "default",
			"enabled": true
		},
		{
			"key": "tabel8_alias",
			"value": "Lelang",
			"type": "default",
			"enabled": true
		},
		{
			"key": "tabel9",
			"value": "tb_petugas",
			"type": "default",
			"enabled": true
		},
		{
			"key": "tabel9_alias",
			"value": "Petugas",
			"type": "default",
			"enabled": true
		},
		{
			"key": "tabel9_alias2",
			"value": "Profil",
			"type": "default",
			"enabled": true
		},
		{
			"key": "tabel12",
			"value": "tb_decoration",
			"type": "default",
			"enabled": true
		},
		{
			"key": "tabel12_alias",
			"value": "Dekorasi Website",
			"type": "default",
			"enabled": true
		},
		{
			"key": "tabel13",
			"value": "tb_events",
			"type": "default",
			"enabled": true
		},
		{
			"key": "tabel13_alias",
			"value": "Event Website",
			"type": "default",
			"enabled": true
		},
		{
			"key": "tabel16",
			"value": "password_resets",
			"type": "default",
			"enabled": true
		},
		{
			"key": "tabel16_alias",
			"value": "Password Resets",
			"type": "default",
			"enabled": true
		},
		{
			"key": "tabel17",
			"value": "migrations",
			"type": "default",
			"enabled": true
		},
		{
			"key": "tabel17_alias",
			"value": "Migrations",
			"type": "default",
			"enabled": true
		},
		{
			"key": "tabel18",
			"value": "failed_jobs",
			"type": "default",
			"enabled": true
		},
		{
			"key": "tabel18_alias",
			"value": "Failed Jobs",
			"type": "default",
			"enabled": true
		},
		{
			"key": "tabel20",
			"value": "login_histories",
			"type": "default",
			"enabled": true
		},
		{
			"key": "tabel20_alias",
			"value": "Login Histories",
			"type": "default",
			"enabled": true
		}
	],
	"_postman_variable_scope": "environment",
	"_postman_exported_at": "2024-04-03T14:13:55.349Z",
	"_postman_exported_using": "Postman/10.24.15"
}