{
	"id": "02203f9a-bf4a-4b7c-9cee-4a03b233e025",
	"name": "school_ukk_restoran",
	"values": [
		{
			"key": "database",
			"value": "school_ukk_restoran",
			"type": "default",
			"enabled": true
		},
		{
			"key": "base_url",
			"value": "http://localhost/school/ukk/restoran",
			"type": "default",
			"enabled": true
		},
		{
			"key": "year_code",
			"value": "2022-2024",
			"type": "default",
			"enabled": true
		},
		{
			"key": "copyright_notices",
			"value": "All Rights Reserved",
			"type": "default",
			"enabled": true
		},
		{
			"key": "tabel4",
			"value": "member",
			"type": "default",
			"enabled": true
		},
		{
			"key": "tabel4_alias",
			"value": "Member",
			"type": "default",
			"enabled": true
		},
		{
			"key": "tabel4_alias2",
			"value": "Profil",
			"type": "default",
			"enabled": true
		},
		{
			"key": "tabel4_field1",
			"value": "member_id",
			"type": "default",
			"enabled": true
		},
		{
			"key": "tabel4_field1_alias",
			"value": "Member ID",
			"type": "default",
			"enabled": true
		},
		{
			"key": "tabel4_field2",
			"value": "nama",
			"type": "default",
			"enabled": true
		},
		{
			"key": "tabel4_field2_alias",
			"value": "Nama",
			"type": "default",
			"enabled": true
		},
		{
			"key": "tabel4_field3",
			"value": "email",
			"type": "default",
			"enabled": true
		},
		{
			"key": "tabel4_field3_alias",
			"value": "Email",
			"type": "default",
			"enabled": true
		},
		{
			"key": "tabel4_field4",
			"value": "password",
			"type": "default",
			"enabled": true
		},
		{
			"key": "tabel4_field4_alias",
			"value": "Password",
			"type": "default",
			"enabled": true
		},
		{
			"key": "tabel4_field5",
			"value": "telp",
			"type": "default",
			"enabled": true
		},
		{
			"key": "tabel4_field5_alias",
			"value": "Nomor Telepon",
			"type": "default",
			"enabled": true
		},
		{
			"key": "tabel4_field6",
			"value": "level",
			"type": "default",
			"enabled": true
		},
		{
			"key": "tabel4_field6_alias",
			"value": "Level",
			"type": "default",
			"enabled": true
		},
		{
			"key": "tabel5",
			"value": "menu",
			"type": "default",
			"enabled": true
		},
		{
			"key": "tabel5_alias",
			"value": "Menu",
			"type": "default",
			"enabled": true
		},
		{
			"key": "tabel5_field1",
			"value": "menu_id",
			"type": "default",
			"enabled": true
		},
		{
			"key": "tabel5_field1_alias",
			"value": "ID Menu",
			"type": "default",
			"enabled": true
		},
		{
			"key": "tabel5_field2",
			"value": "nama",
			"type": "default",
			"enabled": true
		},
		{
			"key": "tabel5_field2_alias",
			"value": "Nama",
			"type": "default",
			"enabled": true
		},
		{
			"key": "tabel5_field3",
			"value": "qty",
			"type": "default",
			"enabled": true
		},
		{
			"key": "tabel5_field3_alias",
			"value": "Quantity",
			"type": "default",
			"enabled": true
		},
		{
			"key": "tabel5_field4",
			"value": "harga",
			"type": "default",
			"enabled": true
		},
		{
			"key": "tabel5_field4_alias",
			"value": "Harga Awal",
			"type": "default",
			"enabled": true
		},
		{
			"key": "tabel5_field5",
			"value": "harga_jual",
			"type": "default",
			"enabled": true
		},
		{
			"key": "tabel5_field5_alias",
			"value": "Harga Jual",
			"type": "default",
			"enabled": true
		},
		{
			"key": "tabel5_field6",
			"value": "deskripsi",
			"type": "default",
			"enabled": true
		},
		{
			"key": "tabel5_field6_alias",
			"value": "Deskripsi",
			"type": "default",
			"enabled": true
		},
		{
			"key": "tabel5_field7",
			"value": "foto",
			"type": "default",
			"enabled": true
		},
		{
			"key": "tabel5_field7_alias",
			"value": "Foto",
			"type": "default",
			"enabled": true
		},
		{
			"key": "tabel6",
			"value": "spp",
			"type": "default",
			"enabled": true
		},
		{
			"key": "tabel6_alias",
			"value": "SPP",
			"type": "default",
			"enabled": true
		},
		{
			"key": "tabel7",
			"value": "pengaturan",
			"type": "default",
			"enabled": true
		},
		{
			"key": "tabel7_alias",
			"value": "Pengaturan Website",
			"type": "default",
			"enabled": true
		},
		{
			"key": "tabel7_field1",
			"value": "id",
			"type": "default",
			"enabled": true
		},
		{
			"key": "tabel7_field1_alias",
			"value": "ID Website",
			"type": "default",
			"enabled": true
		},
		{
			"key": "tabel7_field2",
			"value": "nama",
			"type": "default",
			"enabled": true
		},
		{
			"key": "tabel7_field2_alias",
			"value": "Nama Website",
			"type": "default",
			"enabled": true
		},
		{
			"key": "tabel7_field3",
			"value": "favicon",
			"type": "default",
			"enabled": true
		},
		{
			"key": "tabel7_field3_alias",
			"value": "Favicon",
			"type": "default",
			"enabled": true
		},
		{
			"key": "tabel7_field4",
			"value": "logo",
			"type": "default",
			"enabled": true
		},
		{
			"key": "tabel7_field4_alias",
			"value": "Logo",
			"type": "default",
			"enabled": true
		},
		{
			"key": "tabel7_field5",
			"value": "foto",
			"type": "default",
			"enabled": true
		},
		{
			"key": "tabel7_field5_alias",
			"value": "Foto",
			"type": "default",
			"enabled": true
		},
		{
			"key": "tabel7_field6",
			"value": "alamat",
			"type": "default",
			"enabled": true
		},
		{
			"key": "tabel7_field6_alias",
			"value": "Alamat",
			"type": "default",
			"enabled": true
		},
		{
			"key": "tabel7_field7",
			"value": "email",
			"type": "default",
			"enabled": true
		},
		{
			"key": "tabel7_field7_alias",
			"value": "Email",
			"type": "default",
			"enabled": true
		},
		{
			"key": "tabel7_field8",
			"value": "hp",
			"type": "default",
			"enabled": true
		},
		{
			"key": "tabel7_field8_alias",
			"value": "No HP",
			"type": "default",
			"enabled": true
		},
		{
			"key": "tabel7_field9",
			"value": "metadesc",
			"type": "default",
			"enabled": true
		},
		{
			"key": "tabel7_field9_alias",
			"value": "Metadesc",
			"type": "default",
			"enabled": true
		},
		{
			"key": "tabel7_field10",
			"value": "fb",
			"type": "default",
			"enabled": true
		},
		{
			"key": "tabel7_field10_alias",
			"value": "Akun Facebook",
			"type": "default",
			"enabled": true
		},
		{
			"key": "tabel7_field11",
			"value": "ig",
			"type": "default",
			"enabled": true
		},
		{
			"key": "tabel7_field11_alias",
			"value": "Akun Instagram",
			"type": "default",
			"enabled": true
		},
		{
			"key": "tabel7_field12",
			"value": "id_event",
			"type": "default",
			"enabled": true
		},
		{
			"key": "tabel7_field12_alias",
			"value": "ID Event",
			"type": "default",
			"enabled": true
		},
		{
			"key": "tabel8",
			"value": "pesanan",
			"type": "default",
			"enabled": true
		},
		{
			"key": "tabel8_alias",
			"value": "Pesanan",
			"type": "default",
			"enabled": true
		},
		{
			"key": "tabel8_field1",
			"value": "order_id",
			"type": "default",
			"enabled": true
		},
		{
			"key": "tabel8_field1_alias",
			"value": "Order ID",
			"type": "default",
			"enabled": true
		},
		{
			"key": "tabel8_field2",
			"value": "menu_id",
			"type": "default",
			"enabled": true
		},
		{
			"key": "tabel8_field2_alias",
			"value": "Menu ID",
			"type": "default",
			"enabled": true
		},
		{
			"key": "tabel8_field3",
			"value": "qty",
			"type": "default",
			"enabled": true
		},
		{
			"key": "tabel8_field3_alias",
			"value": "Quantity",
			"type": "default",
			"enabled": true
		},
		{
			"key": "tabel8_field4",
			"value": "deskripsi",
			"type": "default",
			"enabled": true
		},
		{
			"key": "tabel8_field4_alias",
			"value": "Deskripsi",
			"type": "default",
			"enabled": true
		},
		{
			"key": "tabel8_field5",
			"value": "member_id",
			"type": "default",
			"enabled": true
		},
		{
			"key": "tabel8_field5_alias",
			"value": "Member ID",
			"type": "default",
			"enabled": true
		},
		{
			"key": "tabel9",
			"value": "petugas",
			"type": "default",
			"enabled": true
		},
		{
			"key": "tabel9_alias",
			"value": "Petugas",
			"type": "default",
			"enabled": true
		},
		{
			"key": "tabel9_alias2",
			"value": "Profil",
			"type": "default",
			"enabled": true
		},
		{
			"key": "tabel9_field1",
			"value": "id_petugas",
			"type": "default",
			"enabled": true
		},
		{
			"key": "tabel9_field1_alias",
			"value": "ID Petugas",
			"type": "default",
			"enabled": true
		},
		{
			"key": "tabel9_field2",
			"value": "nama",
			"type": "default",
			"enabled": true
		},
		{
			"key": "tabel9_field2_alias",
			"value": "Nama",
			"type": "default",
			"enabled": true
		},
		{
			"key": "tabel9_field3",
			"value": "email",
			"type": "default",
			"enabled": true
		},
		{
			"key": "tabel9_field3_alias",
			"value": "Email",
			"type": "default",
			"enabled": true
		},
		{
			"key": "tabel9_field4",
			"value": "password",
			"type": "default",
			"enabled": true
		},
		{
			"key": "tabel9_field4_alias",
			"value": "Password",
			"type": "default",
			"enabled": true
		},
		{
			"key": "tabel9_field5",
			"value": "hp",
			"type": "default",
			"enabled": true
		},
		{
			"key": "tabel9_field5_alias",
			"value": "No Handphone",
			"type": "default",
			"enabled": true
		},
		{
			"key": "tabel9_field6",
			"value": "level",
			"type": "default",
			"enabled": true
		},
		{
			"key": "tabel9_field6_alias",
			"value": "Level",
			"type": "default",
			"enabled": true
		},
		{
			"key": "tabel9_field6_value1",
			"value": "",
			"type": "default",
			"enabled": true
		},
		{
			"key": "tabel9_field6_value2",
			"value": "manajer",
			"type": "default",
			"enabled": true
		},
		{
			"key": "tabel9_field6_value2_alias",
			"value": "Manajer",
			"type": "default",
			"enabled": true
		},
		{
			"key": "tabel9_field6_value3",
			"value": "admin",
			"type": "default",
			"enabled": true
		},
		{
			"key": "tabel9_field6_value3_alias",
			"value": "Administrator",
			"type": "default",
			"enabled": true
		},
		{
			"key": "tabel9_field6_value4",
			"value": "kasir",
			"type": "default",
			"enabled": true
		},
		{
			"key": "tabel9_field6_value4_alias",
			"value": "Kasir",
			"type": "default",
			"enabled": true
		},
		{
			"key": "tabel9_field6_value5",
			"value": "member",
			"type": "default",
			"enabled": true
		},
		{
			"key": "tabel9_field6_value5_alias",
			"value": "Member",
			"type": "default",
			"enabled": true
		},
		{
			"key": "tabel9_field7",
			"value": "login_count",
			"type": "default",
			"enabled": true
		},
		{
			"key": "tabel9_field7_alias",
			"value": "Jumlah Login",
			"type": "default",
			"enabled": true
		},
		{
			"key": "tabel10",
			"value": "transaksi",
			"type": "default",
			"enabled": true
		},
		{
			"key": "tabel10_alias",
			"value": "Transaksi",
			"type": "default",
			"enabled": true
		},
		{
			"key": "tabel10_field1",
			"value": "id_transaksi",
			"type": "default",
			"enabled": true
		},
		{
			"key": "tabel10_field1_alias",
			"value": "ID Transaksi",
			"type": "default",
			"enabled": true
		},
		{
			"key": "tabel10_field2",
			"value": "id_petugas",
			"type": "default",
			"enabled": true
		},
		{
			"key": "tabel10_field2_alias",
			"value": "ID Petugas",
			"type": "default",
			"enabled": true
		},
		{
			"key": "tabel10_field3",
			"value": "order_id",
			"type": "default",
			"enabled": true
		},
		{
			"key": "tabel10_field3_alias",
			"value": "Order ID",
			"type": "default",
			"enabled": true
		},
		{
			"key": "tabel10_field4",
			"value": "metode",
			"type": "default",
			"enabled": true
		},
		{
			"key": "tabel10_field4_alias",
			"value": "Metode",
			"type": "default",
			"enabled": true
		},
		{
			"key": "tabel10_field4_value1",
			"value": "debit",
			"type": "default",
			"enabled": true
		},
		{
			"key": "tabel10_field4_value1_alias",
			"value": "Debit",
			"type": "default",
			"enabled": true
		},
		{
			"key": "tabel10_field4_value2",
			"value": "kredit",
			"type": "default",
			"enabled": true
		},
		{
			"key": "tabel10_field4_value2_alias",
			"value": "Kredit",
			"type": "default",
			"enabled": true
		},
		{
			"key": "tabel10_field5",
			"value": "bayar",
			"type": "default",
			"enabled": true
		},
		{
			"key": "tabel10_field5_alias",
			"value": "Bayar",
			"type": "default",
			"enabled": true
		},

		{
			"key": "tabel10_field6",
			"value": "tgl_transaksi",
			"type": "default",
			"enabled": true
		},
		{
			"key": "tabel10_field6_alias",
			"value": "Tanggal Transaksi",
			"type": "default",
			"enabled": true
		},
		{
			"key": "tabel12",
			"value": "decoration",
			"type": "default",
			"enabled": true
		},
		{
			"key": "tabel12_alias",
			"value": "Dekorasi Website",
			"type": "default",
			"enabled": true
		},
		{
			"key": "tabel12_field1",
			"value": "id_decor",
			"type": "default",
			"enabled": true
		},
		{
			"key": "tabel12_field1_alias",
			"value": "ID Decor",
			"type": "default",
			"enabled": true
		},
		{
			"key": "tabel12_field2",
			"value": "kode",
			"type": "default",
			"enabled": true
		},
		{
			"key": "tabel12_field2_alias",
			"value": "Kode Gambar",
			"type": "default",
			"enabled": true
		},
		{
			"key": "tabel12_field3",
			"value": "img",
			"type": "default",
			"enabled": true
		},
		{
			"key": "tabel12_field3_alias",
			"value": "Foto",
			"type": "default",
			"enabled": true
		},
		{
			"key": "tabel12_field4",
			"value": "keterangan",
			"type": "default",
			"enabled": true
		},
		{
			"key": "tabel12_field4_alias",
			"value": "Untuk Halaman...",
			"type": "default",
			"enabled": true
		},
		{
			"key": "tabel13",
			"value": "events",
			"type": "default",
			"enabled": true
		},
		{
			"key": "tabel13_alias",
			"value": "Event Website",
			"type": "default",
			"enabled": true
		},
		{
			"key": "tabel13_field1",
			"value": "id_event",
			"type": "default",
			"enabled": true
		},
		{
			"key": "tabel13_field1_alias",
			"value": "ID Event",
			"type": "default",
			"enabled": true
		},
		{
			"key": "tabel13_field2",
			"value": "nama",
			"type": "default",
			"enabled": true
		},
		{
			"key": "tabel13_field2_alias",
			"value": "Nama Event",
			"type": "default",
			"enabled": true
		},
		{
			"key": "tabel13_field3",
			"value": "slogan",
			"type": "default",
			"enabled": true
		},
		{
			"key": "tabel13_field3_alias",
			"value": "Slogan",
			"type": "default",
			"enabled": true
		},
		{
			"key": "tabel13_field4",
			"value": "img",
			"type": "default",
			"enabled": true
		},
		{
			"key": "tabel13_field4_alias",
			"value": "Foto",
			"type": "default",
			"enabled": true
		},
		{
			"key": "tabel13_field5",
			"value": "keterangan",
			"type": "default",
			"enabled": true
		},
		{
			"key": "tabel13_field5_alias",
			"value": "Keterangan",
			"type": "default",
			"enabled": true
		}
	],
	"_postman_variable_scope": "environment",
	"_postman_exported_at": "2024-04-03T14:13:55.349Z",
	"_postman_exported_using": "Postman/10.24.15"
}
