{
	"id": "02203f9a-bf4a-4b7c-9cee-4a03a233d025",
	"name": "collections_billy_bricktrack",
	"values": [
		{
			"key": "timezone",
			"value": "Asia/Jakarta",
			"type": "default",
			"enabled": true
		},
		{
			"key": "database",
			"value": "collections_billy_bricktrack",
			"type": "default",
			"enabled": true
		},
		{
			"key": "base_url",
			"value": "http://localhost/collections/billy/bricktrack/en",
			"type": "default",
			"enabled": true
		},
		{
			"key": "web_url",
			"value": "https://hotelkhenjy.com/hotel/en",
			"type": "default",
			"enabled": true
		},
		{
			"key": "year_code",
			"value": "2022-2024",
			"type": "default",
			"enabled": true
		},
		{
			"key": "copyright_notices",
			"value": "All Rights Reserved",
			"type": "default",
			"enabled": true
		},
		{
			"key": "prefix1",
			"value": "txt_",
			"type": "default",
			"enabled": true
		},
		{
			"key": "prefix2",
			"value": "old_",
			"type": "default",
			"enabled": true
		},
		{
			"key": "prefix3",
			"value": "min_",
			"type": "default",
			"enabled": true
		},
		{
			"key": "prefix4",
			"value": "max_",
			"type": "default",
			"enabled": true
		},
		{
			"key": "tabel_a1",
			"value": "pengaturan",
			"type": "default",
			"enabled": true
		},
		{
			"key": "tabel_a1_alias",
			"value": "Website Settings",
			"type": "default",
			"enabled": true
		},
		{
			"key": "tabel_a1_field1",
			"value": "id",
			"type": "default",
			"enabled": true
		},
		{
			"key": "tabel_a1_field1_alias",
			"value": "Website ID",
			"type": "default",
			"enabled": true
		},
		{
			"key": "tabel_a1_field2",
			"value": "nama_website",
			"type": "default",
			"enabled": true
		},
		{
			"key": "tabel_a1_field2_alias",
			"value": "Website Name",
			"type": "default",
			"enabled": true
		},
		{
			"key": "tabel_a1_field3",
			"value": "alamat",
			"type": "default",
			"enabled": true
		},
		{
			"key": "tabel_a1_field3_alias",
			"value": "Address",
			"type": "default",
			"enabled": true
		},
		{
			"key": "tabel_a1_field4",
			"value": "email",
			"type": "default",
			"enabled": true
		},
		{
			"key": "tabel_a1_field4_alias",
			"value": "Email",
			"type": "default",
			"enabled": true
		},
		{
			"key": "tabel_a1_field5",
			"value": "hp",
			"type": "default",
			"enabled": true
		},
		{
			"key": "tabel_a1_field5_alias",
			"value": "Phone Number",
			"type": "default",
			"enabled": true
		},
		{
			"key": "tabel_a1_field6",
			"value": "id_tema",
			"type": "default",
			"enabled": true
		},
		{
			"key": "tabel_a1_field6_alias",
			"value": "Theme ID",
			"type": "default",
			"enabled": true
		},
		{
			"key": "tabel_b1",
			"value": "decoration",
			"type": "default",
			"enabled": true
		},
		{
			"key": "tabel_b1_alias",
			"value": "Website Decoration",
			"type": "default",
			"enabled": true
		},
		{
			"key": "tabel_b1_field1",
			"value": "id_decor",
			"type": "default",
			"enabled": true
		},
		{
			"key": "tabel_b1_field1_alias",
			"value": "Decor ID",
			"type": "default",
			"enabled": true
		},
		{
			"key": "tabel_b1_field2",
			"value": "kode",
			"type": "default",
			"enabled": true
		},
		{
			"key": "tabel_b1_field2_alias",
			"value": "Image Code",
			"type": "default",
			"enabled": true
		},
		{
			"key": "tabel_b1_field3",
			"value": "kunci",
			"type": "default",
			"enabled": true
		},
		{
			"key": "tabel_b1_field3_alias",
			"value": "Key",
			"type": "default",
			"enabled": true
		},
		{
			"key": "tabel_b1_field4",
			"value": "img",
			"type": "default",
			"enabled": true
		},
		{
			"key": "tabel_b1_field4_alias",
			"value": "Photo",
			"type": "default",
			"enabled": true
		},
		{
			"key": "tabel_b1_field5",
			"value": "icons",
			"type": "default",
			"enabled": true
		},
		{
			"key": "tabel_b1_field5_alias",
			"value": "Logo",
			"type": "default",
			"enabled": true
		},
		{
			"key": "tabel_b1_field6",
			"value": "tipe",
			"type": "default",
			"enabled": true
		},
		{
			"key": "tabel_b1_field6_alias",
			"value": "Type",
			"type": "default",
			"enabled": true
		},
		{
			"key": "tabel_b1_field7",
			"value": "id_theme",
			"type": "default",
			"enabled": true
		},
		{
			"key": "tabel_b1_field7_alias",
			"value": "Theme ID",
			"type": "default",
			"enabled": true
		},
		{
			"key": "tabel_b2",
			"value": "events",
			"type": "default",
			"enabled": true
		},
		{
			"key": "tabel_b2_alias",
			"value": "Event Website",
			"type": "default",
			"enabled": true
		},
		{
			"key": "tabel_b2_field1",
			"value": "id_event",
			"type": "default",
			"enabled": true
		},
		{
			"key": "tabel_b2_field1_alias",
			"value": "Event ID",
			"type": "default",
			"enabled": true
		},
		{
			"key": "tabel_b2_field2",
			"value": "nama",
			"type": "default",
			"enabled": true
		},
		{
			"key": "tabel_b2_field2_alias",
			"value": "Event Name",
			"type": "default",
			"enabled": true
		},
		{
			"key": "tabel_b2_field3",
			"value": "slogan",
			"type": "default",
			"enabled": true
		},
		{
			"key": "tabel_b2_field3_alias",
			"value": "Slogan",
			"type": "default",
			"enabled": true
		},
		{
			"key": "tabel_b2_field4",
			"value": "img",
			"type": "default",
			"enabled": true
		},
		{
			"key": "tabel_b2_field4_alias",
			"value": "Photo",
			"type": "default",
			"enabled": true
		},
		{
			"key": "tabel_b2_field5",
			"value": "keterangan",
			"type": "default",
			"enabled": true
		},
		{
			"key": "tabel_b2_field5_alias",
			"value": "Description",
			"type": "default",
			"enabled": true
		},
		{
			"key": "tabel_b2_field6",
			"value": "status",
			"type": "default",
			"enabled": true
		},
		{
			"key": "tabel_b2_field6_alias",
			"value": "Status",
			"type": "default",
			"enabled": true
		},
		{
			"key": "tabel_b2_field6_value1",
			"value": "aktif",
			"type": "default",
			"enabled": true
		},
		{
			"key": "tabel_b2_field6_value1_alias",
			"value": "Active",
			"type": "default",
			"enabled": true
		},
		{
			"key": "tabel_b2_field6_value2",
			"value": "nonaktif",
			"type": "default",
			"enabled": true
		},
		{
			"key": "tabel_b2_field6_value2_alias",
			"value": "Inactive",
			"type": "default",
			"enabled": true
		},
		{
			"key": "tabel_b2_field7",
			"value": "id_theme",
			"type": "default",
			"enabled": true
		},
		{
			"key": "tabel_b2_field7_alias",
			"value": "Theme ID",
			"type": "default",
			"enabled": true
		},
		{
			"key": "tabel_b3",
			"value": "migrations",
			"type": "default",
			"enabled": true
		},
		{
			"key": "tabel_b3_alias",
			"value": "Migrations",
			"type": "default",
			"enabled": true
		},
		{
			"key": "tabel_b3_field1",
			"value": "id",
			"type": "default",
			"enabled": true
		},
		{
			"key": "tabel_b3_field1_alias",
			"value": "Migration ID",
			"type": "default",
			"enabled": true
		},
		{
			"key": "tabel_b3_field2",
			"value": "migration",
			"type": "default",
			"enabled": true
		},
		{
			"key": "tabel_b3_field2_alias",
			"value": "Migration",
			"type": "default",
			"enabled": true
		},
		{
			"key": "tabel_b3_field3",
			"value": "batch",
			"type": "default",
			"enabled": true
		},
		{
			"key": "tabel_b3_field3_alias",
			"value": "Batch",
			"type": "default",
			"enabled": true
		},
		{
			"key": "tabel_b4",
			"value": "failed_jobs",
			"type": "default",
			"enabled": true
		},
		{
			"key": "tabel_b4_alias",
			"value": "Failed Jobs",
			"type": "default",
			"enabled": true
		},
		{
			"key": "tabel_b4_field1",
			"value": "id",
			"type": "default",
			"enabled": true
		},
		{
			"key": "tabel_b4_field1_alias",
			"value": "ID",
			"type": "default",
			"enabled": true
		},
		{
			"key": "tabel_b4_field2",
			"value": "uuid",
			"type": "default",
			"enabled": true
		},
		{
			"key": "tabel_b4_field2_alias",
			"value": "UUID",
			"type": "default",
			"enabled": true
		},
		{
			"key": "tabel_b4_field3",
			"value": "connection",
			"type": "default",
			"enabled": true
		},
		{
			"key": "tabel_b4_field3_alias",
			"value": "Connection",
			"type": "default",
			"enabled": true
		},
		{
			"key": "tabel_b4_field4",
			"value": "queue",
			"type": "default",
			"enabled": true
		},
		{
			"key": "tabel_b4_field4_alias",
			"value": "Queue",
			"type": "default",
			"enabled": true
		},
		{
			"key": "tabel_b4_field5",
			"value": "payload",
			"type": "default",
			"enabled": true
		},
		{
			"key": "tabel_b4_field5_alias",
			"value": "Payload",
			"type": "default",
			"enabled": true
		},
		{
			"key": "tabel_b4_field6",
			"value": "exception",
			"type": "default",
			"enabled": true
		},
		{
			"key": "tabel_b4_field6_alias",
			"value": "Exception",
			"type": "default",
			"enabled": true
		},
		{
			"key": "tabel_b4_field7",
			"value": "failed_at",
			"type": "default",
			"enabled": true
		},
		{
			"key": "tabel_b4_field7_alias",
			"value": "Failed At",
			"type": "default",
			"enabled": true
		},
		{
			"key": "tabel_b5",
			"value": "website_licenses",
			"type": "default",
			"enabled": true
		},
		{
			"key": "tabel_b5_alias",
			"value": "License",
			"type": "default",
			"enabled": true
		},
		{
			"key": "tabel_b5_field1",
			"value": "id_lisensi",
			"type": "default",
			"enabled": true
		},
		{
			"key": "tabel_b5_field1_alias",
			"value": "License ID",
			"type": "default",
			"enabled": true
		},
		{
			"key": "tabel_b5_field2",
			"value": "nama",
			"type": "default",
			"enabled": true
		},
		{
			"key": "tabel_b5_field2_alias",
			"value": "License Name",
			"type": "default",
			"enabled": true
		},
		{
			"key": "tabel_b5_field3",
			"value": "konten",
			"type": "default",
			"enabled": true
		},
		{
			"key": "tabel_b5_field3_alias",
			"value": "Content",
			"type": "default",
			"enabled": true
		},
		{
			"key": "tabel_b5_field4",
			"value": "img",
			"type": "default",
			"enabled": true
		},
		{
			"key": "tabel_b5_field4_alias",
			"value": "Photo",
			"type": "default",
			"enabled": true
		},
		{
			"key": "tabel_b5_field5",
			"value": "link",
			"type": "default",
			"enabled": true
		},
		{
			"key": "tabel_b5_field5_alias",
			"value": "License Link",
			"type": "default",
			"enabled": true
		},
		{
			"key": "tabel_b5_field6",
			"value": "status",
			"type": "default",
			"enabled": true
		},
		{
			"key": "tabel_b5_field6_alias",
			"value": "License Status",
			"type": "default",
			"enabled": true
		},
		{
			"key": "tabel_b5_field6_value1",
			"value": "aktif",
			"type": "default",
			"enabled": true
		},
		{
			"key": "tabel_b5_field6_value1_alias",
			"value": "Active",
			"type": "default",
			"enabled": true
		},
		{
			"key": "tabel_b5_field6_value2",
			"value": "mati",
			"type": "default",
			"enabled": true
		},
		{
			"key": "tabel_b5_field6_value2_alias",
			"value": "Inactive",
			"type": "default",
			"enabled": true
		},
		{
			"key": "tabel_b5_field7",
			"value": "id_theme",
			"type": "default",
			"enabled": true
		},
		{
			"key": "tabel_b5_field7_alias",
			"value": "Theme ID",
			"type": "default",
			"enabled": true
		},
		{
			"key": "tabel_b6",
			"value": "website_sosmed",
			"type": "default",
			"enabled": true
		},
		{
			"key": "tabel_b6_alias",
			"value": "Social Media Account",
			"type": "default",
			"enabled": true
		},
		{
			"key": "tabel_b6_field1",
			"value": "id_sosmed",
			"type": "default",
			"enabled": true
		},
		{
			"key": "tabel_b6_field1_alias",
			"value": "Social Media ID",
			"type": "default",
			"enabled": true
		},
		{
			"key": "tabel_b6_field2",
			"value": "platform",
			"type": "default",
			"enabled": true
		},
		{
			"key": "tabel_b6_field2_alias",
			"value": "Platform",
			"type": "default",
			"enabled": true
		},
		{
			"key": "tabel_b6_field3",
			"value": "nama",
			"type": "default",
			"enabled": true
		},
		{
			"key": "tabel_b6_field3_alias",
			"value": "Social Media Name",
			"type": "default",
			"enabled": true
		},
		{
			"key": "tabel_b6_field4",
			"value": "link",
			"type": "default",
			"enabled": true
		},
		{
			"key": "tabel_b6_field4_alias",
			"value": "Link",
			"type": "default",
			"enabled": true
		},
		{
			"key": "tabel_b6_field5",
			"value": "icon",
			"type": "default",
			"enabled": true
		},
		{
			"key": "tabel_b6_field5_alias",
			"value": "Fontawesome Icon",
			"type": "default",
			"enabled": true
		},
		{
			"key": "tabel_b6_field6",
			"value": "status",
			"type": "default",
			"enabled": true
		},
		{
			"key": "tabel_b6_field6_alias",
			"value": "Status",
			"type": "default",
			"enabled": true
		},
		{
			"key": "tabel_b6_field6_value1",
			"value": "aktif",
			"type": "default",
			"enabled": true
		},
		{
			"key": "tabel_b6_field6_value1_alias",
			"value": "Active",
			"type": "default",
			"enabled": true
		},
		{
			"key": "tabel_b6_field6_value2",
			"value": "tidak_aktif",
			"type": "default",
			"enabled": true
		},
		{
			"key": "tabel_b6_field6_value2_alias",
			"value": "Inactive",
			"type": "default",
			"enabled": true
		},
		{
			"key": "tabel_b6_field7",
			"value": "id_theme",
			"type": "default",
			"enabled": true
		},
		{
			"key": "tabel_b6_field7_alias",
			"value": "Theme ID",
			"type": "default",
			"enabled": true
		},
		{
			"key": "tabel_b7",
			"value": "website_themes",
			"type": "default",
			"enabled": true
		},
		{
			"key": "tabel_b7_alias",
			"value": "Website Themes",
			"type": "default",
			"enabled": true
		},
		{
			"key": "tabel_b7_field1",
			"value": "id_theme",
			"type": "default",
			"enabled": true
		},
		{
			"key": "tabel_b7_field1_alias",
			"value": "Theme ID",
			"type": "default",
			"enabled": true
		},
		{
			"key": "tabel_b7_field2",
			"value": "nama",
			"type": "default",
			"enabled": true
		},
		{
			"key": "tabel_b7_field2_alias",
			"value": "Theme Name",
			"type": "default",
			"enabled": true
		},
		{
			"key": "tabel_b7_field3",
			"value": "favicon",
			"type": "default",
			"enabled": true
		},
		{
			"key": "tabel_b7_field3_alias",
			"value": "Favicon",
			"type": "default",
			"enabled": true
		},
		{
			"key": "tabel_b7_field4",
			"value": "logo",
			"type": "default",
			"enabled": true
		},
		{
			"key": "tabel_b7_field4_alias",
			"value": "Logo",
			"type": "default",
			"enabled": true
		},
		{
			"key": "tabel_b7_field5",
			"value": "foto",
			"type": "default",
			"enabled": true
		},
		{
			"key": "tabel_b7_field5_alias",
			"value": "Photo",
			"type": "default",
			"enabled": true
		},
		{
			"key": "tabel_b7_field6",
			"value": "deskripsi",
			"type": "default",
			"enabled": true
		},
		{
			"key": "tabel_b7_field6_alias",
			"value": "Description",
			"type": "default",
			"enabled": true
		},
		{
			"key": "tabel_b8",
			"value": "website_notif_type",
			"type": "default",
			"enabled": true
		},
		{
			"key": "tabel_b8_alias",
			"value": "Notification Types",
			"type": "default",
			"enabled": true
		},
		{
			"key": "tabel_b8_field1",
			"value": "id_notif_type",
			"type": "default",
			"enabled": true
		},
		{
			"key": "tabel_b8_field1_alias",
			"value": "Notif ID",
			"type": "default",
			"enabled": true
		},
		{
			"key": "tabel_b8_field2",
			"value": "notif_type",
			"type": "default",
			"enabled": true
		},
		{
			"key": "tabel_b8_field2_alias",
			"value": "Notif Type",
			"type": "default",
			"enabled": true
		},
		{
			"key": "tabel_b8_field2_value1",
			"value": "new_notification_available",
			"type": "default",
			"enabled": true
		},
		{
			"key": "tabel_b8_field2_value2",
			"value": "new_message_received",
			"type": "default",
			"enabled": true
		},
		{
			"key": "tabel_b8_field2_value3",
			"value": "important_message_warning",
			"type": "default",
			"enabled": true
		},
		{
			"key": "tabel_b8_field2_value4",
			"value": "action_completed_successfully",
			"type": "default",
			"enabled": true
		},
		{
			"key": "tabel_b8_field2_value5",
			"value": "informational_note",
			"type": "default",
			"enabled": true
		},
		{
			"key": "tabel_b8_field2_value6",
			"value": "action_failed_error",
			"type": "default",
			"enabled": true
		},
		{
			"key": "tabel_b8_field2_value7",
			"value": "need_assistance_help",
			"type": "default",
			"enabled": true
		},
		{
			"key": "tabel_b8_field2_value8",
			"value": "positive_feedback_received",
			"type": "default",
			"enabled": true
		},
		{
			"key": "tabel_b8_field2_value9",
			"value": "negative_feedback_received",
			"type": "default",
			"enabled": true
		},
		{
			"key": "tabel_b8_field2_value10",
			"value": "upcoming_event_reminder",
			"type": "default",
			"enabled": true
		},
		{
			"key": "tabel_b8_field3",
			"value": "title",
			"type": "default",
			"enabled": true
		},
		{
			"key": "tabel_b8_field3_alias",
			"value": "Title",
			"type": "default",
			"enabled": true
		},
		{
			"key": "tabel_b8_field4",
			"value": "icon",
			"type": "default",
			"enabled": true
		},
		{
			"key": "tabel_b8_field4_alias",
			"value": "Icon",
			"type": "default",
			"enabled": true
		},
		{
			"key": "tabel_b9",
			"value": "website_notifications",
			"type": "default",
			"enabled": true
		},
		{
			"key": "tabel_b9_alias",
			"value": "Notifications",
			"type": "default",
			"enabled": true
		},
		{
			"key": "tabel_b9_field1",
			"value": "id_notif",
			"type": "default",
			"enabled": true
		},
		{
			"key": "tabel_b9_field1_alias",
			"value": "Notif ID",
			"type": "default",
			"enabled": true
		},
		{
			"key": "tabel_b9_field2",
			"value": "id_user",
			"type": "default",
			"enabled": true
		},
		{
			"key": "tabel_b9_field2_alias",
			"value": "User ID",
			"type": "default",
			"enabled": true
		},
		{
			"key": "tabel_b9_field3",
			"value": "notif_type",
			"type": "default",
			"enabled": true
		},
		{
			"key": "tabel_b9_field3_alias",
			"value": "Notification Type",
			"type": "default",
			"enabled": true
		},
		{
			"key": "tabel_b9_field4",
			"value": "description",
			"type": "default",
			"enabled": true
		},
		{
			"key": "tabel_b9_field4_alias",
			"value": "Description",
			"type": "default",
			"enabled": true
		},
		{
			"key": "tabel_b9_field5",
			"value": "created_at",
			"type": "default",
			"enabled": true
		},
		{
			"key": "tabel_b9_field5_alias",
			"value": "Created At",
			"type": "default",
			"enabled": true
		},
		{
			"key": "tabel_b9_field6",
			"value": "read_at",
			"type": "default",
			"enabled": true
		},
		{
			"key": "tabel_b9_field6_alias",
			"value": "Read At",
			"type": "default",
			"enabled": true
		},
		{
			"key": "tabel_c1",
			"value": "petugas",
			"type": "default",
			"enabled": true
		},
		{
			"key": "tabel_c1_alias",
			"value": "Officer",
			"type": "default",
			"enabled": true
		},
		{
			"key": "tabel_c1_alias2",
			"value": "Profile",
			"type": "default",
			"enabled": true
		},
		{
			"key": "tabel_c1_field1",
			"value": "id_petugas",
			"type": "default",
			"enabled": true
		},
		{
			"key": "tabel_c1_field1_alias",
			"value": "Officer ID",
			"type": "default",
			"enabled": true
		},
		{
			"key": "tabel_c1_field2",
			"value": "nama",
			"type": "default",
			"enabled": true
		},
		{
			"key": "tabel_c1_field2_alias",
			"value": "Name",
			"type": "default",
			"enabled": true
		},
		{
			"key": "tabel_c1_field3",
			"value": "email",
			"type": "default",
			"enabled": true
		},
		{
			"key": "tabel_c1_field3_alias",
			"value": "Email",
			"type": "default",
			"enabled": true
		},
		{
			"key": "tabel_c1_field4",
			"value": "password",
			"type": "default",
			"enabled": true
		},
		{
			"key": "tabel_c1_field4_alias",
			"value": "Password",
			"type": "default",
			"enabled": true
		},
		{
			"key": "tabel_c1_field5",
			"value": "hp",
			"type": "default",
			"enabled": true
		},
		{
			"key": "tabel_c1_field5_alias",
			"value": "Phone Number",
			"type": "default",
			"enabled": true
		},
		{
			"key": "tabel_c1_field6",
			"value": "img",
			"type": "default",
			"enabled": true
		},
		{
			"key": "tabel_c1_field6_alias",
			"value": "Photo",
			"type": "default",
			"enabled": true
		},
		{
			"key": "tabel_c1_field7",
			"value": "role",
			"type": "default",
			"enabled": true
		},
		{
			"key": "tabel_c1_field7_alias",
			"value": "Role",
			"type": "default",
			"enabled": true
		},
		{
			"key": "tabel_c1_field7_value1",
			"value": "cleaning",
			"type": "default",
			"enabled": true
		},
		{
			"key": "tabel_c1_field7_value1_alias",
			"value": "Cleaning",
			"type": "default",
			"enabled": true
		},
		{
			"key": "tabel_c1_field7_value2",
			"value": "maintenance",
			"type": "default",
			"enabled": true
		},
		{
			"key": "tabel_c1_field7_value2_alias",
			"value": "Maintenance",
			"type": "default",
			"enabled": true
		},
		{
			"key": "tabel_c1_field8",
			"value": "poin",
			"type": "default",
			"enabled": true
		},
		{
			"key": "tabel_c1_field8_alias",
			"value": "Points",
			"type": "default",
			"enabled": true
		},
		{
			"key": "tabel_c2",
			"value": "user",
			"type": "default",
			"enabled": true
		},
		{
			"key": "tabel_c2_alias",
			"value": "User",
			"type": "default",
			"enabled": true
		},
		{
			"key": "tabel_c2_alias2",
			"value": "Profile",
			"type": "default",
			"enabled": true
		},
		{
			"key": "tabel_c2_field1",
			"value": "id_user",
			"type": "default",
			"enabled": true
		},
		{
			"key": "tabel_c2_field1_alias",
			"value": "User ID",
			"type": "default",
			"enabled": true
		},
		{
			"key": "tabel_c2_field2",
			"value": "nama",
			"type": "default",
			"enabled": true
		},
		{
			"key": "tabel_c2_field2_alias",
			"value": "Name",
			"type": "default",
			"enabled": true
		},
		{
			"key": "tabel_c2_field3",
			"value": "email",
			"type": "default",
			"enabled": true
		},
		{
			"key": "tabel_c2_field3_alias",
			"value": "Email",
			"type": "default",
			"enabled": true
		},
		{
			"key": "tabel_c2_field4",
			"value": "password",
			"type": "default",
			"enabled": true
		},
		{
			"key": "tabel_c2_field4_alias",
			"value": "Password",
			"type": "default",
			"enabled": true
		},
		{
			"key": "tabel_c2_field5",
			"value": "hp",
			"type": "default",
			"enabled": true
		},
		{
			"key": "tabel_c2_field5_alias",
			"value": "Phone Number",
			"type": "default",
			"enabled": true
		},
		{
			"key": "tabel_c2_field6",
			"value": "level",
			"type": "default",
			"enabled": true
		},
		{
			"key": "tabel_c2_field6_alias",
			"value": "Level",
			"type": "default",
			"enabled": true
		},
		{
			"key": "tabel_c2_field6_value1",
			"value": "",
			"type": "default",
			"enabled": true
		},
		{
			"key": "tabel_c2_field6_value2",
			"value": "accounting",
			"type": "default",
			"enabled": true
		},
		{
			"key": "tabel_c2_field6_value2_alias",
			"value": "Accounting",
			"type": "default",
			"enabled": true
		},
		{
			"key": "tabel_c2_field6_value3",
			"value": "administrator",
			"type": "default",
			"enabled": true
		},
		{
			"key": "tabel_c2_field6_value3_alias",
			"value": "Administrator",
			"type": "default",
			"enabled": true
		},
		{
			"key": "tabel_c2_field6_value4",
			"value": "resepsionis",
			"type": "default",
			"enabled": true
		},
		{
			"key": "tabel_c2_field6_value4_alias",
			"value": "Receptionist",
			"type": "default",
			"enabled": true
		},
		{
			"key": "tabel_c2_field6_value5",
			"value": "tamu",
			"type": "default",
			"enabled": true
		},
		{
			"key": "tabel_c2_field6_value5_alias",
			"value": "Guest",
			"type": "default",
			"enabled": true
		},
		{
			"key": "tabel_c2_field7",
			"value": "login_count",
			"type": "default",
			"enabled": true
		},
		{
			"key": "tabel_c2_field7_alias",
			"value": "Login Count",
			"type": "default",
			"enabled": true
		},
		{
			"key": "tabel_d1",
			"value": "personal_access_tokens",
			"type": "default",
			"enabled": true
		},
		{
			"key": "tabel_d1_alias",
			"value": "Personal Access Token",
			"type": "default",
			"enabled": true
		},
		{
			"key": "tabel_d2",
			"value": "password_resets",
			"type": "default",
			"enabled": true
		},
		{
			"key": "tabel_d2_alias",
			"value": "Password Resets",
			"type": "default",
			"enabled": true
		},
		{
			"key": "tabel_d2_field1",
			"value": "email",
			"type": "default",
			"enabled": true
		},
		{
			"key": "tabel_d2_field1_alias",
			"value": "Email",
			"type": "default",
			"enabled": true
		},
		{
			"key": "tabel_d2_field2",
			"value": "token",
			"type": "default",
			"enabled": true
		},
		{
			"key": "tabel_d2_field2_alias",
			"value": "Token",
			"type": "default",
			"enabled": true
		},
		{
			"key": "tabel_d2_field3",
			"value": "created_at",
			"type": "default",
			"enabled": true
		},
		{
			"key": "tabel_d2_field3_alias",
			"value": "Created At",
			"type": "default",
			"enabled": true
		},
		{
			"key": "tabel_d3",
			"value": "login_histories",
			"type": "default",
			"enabled": true
		},
		{
			"key": "tabel_d3_alias",
			"value": "Login Histories",
			"type": "default",
			"enabled": true
		},
		{
			"key": "tabel_d3_field1",
			"value": "id",
			"type": "default",
			"enabled": true
		},
		{
			"key": "tabel_d3_field1_alias",
			"value": "ID Login History",
			"type": "default",
			"enabled": true
		},
		{
			"key": "tabel_d3_field2",
			"value": "id_user",
			"type": "default",
			"enabled": true
		},
		{
			"key": "tabel_d3_field2_alias",
			"value": "User ID",
			"type": "default",
			"enabled": true
		},
		{
			"key": "tabel_d3_field3",
			"value": "created_at",
			"type": "default",
			"enabled": true
		},
		{
			"key": "tabel_d3_field3_alias",
			"value": "Login Time",
			"type": "default",
			"enabled": true
		},
		{
			"key": "tabel_d3_field4",
			"value": "updated_at",
			"type": "default",
			"enabled": true
		},
		{
			"key": "tabel_d3_field4_alias",
			"value": "Updated At",
			"type": "default",
			"enabled": true
		},
		{
			"key": "tabel_d3_field5",
			"value": "device_type",
			"type": "default",
			"enabled": true
		},
		{
			"key": "tabel_d3_field5_alias",
			"value": "Device Type",
			"type": "default",
			"enabled": true
		},
		{
			"key": "tabel_e4",
			"value": "shifts",
			"type": "default",
			"enabled": true
		},
		{
			"key": "tabel_e4_alias",
			"value": "Shifts",
			"type": "default",
			"enabled": true
		},
		{
			"key": "tabel_e4_field1",
			"value": "shift_id",
			"type": "default",
			"enabled": true
		},
		{
			"key": "tabel_e4_field1_alias",
			"value": "Shift ID",
			"type": "default",
			"enabled": true
		},
		{
			"key": "tabel_e4_field2",
			"value": "employee_id",
			"type": "default",
			"enabled": true
		},
		{
			"key": "tabel_e4_field2_alias",
			"value": "Employee ID",
			"type": "default",
			"enabled": true
		},
		{
			"key": "tabel_e4_field3",
			"value": "date",
			"type": "default",
			"enabled": true
		},
		{
			"key": "tabel_e4_field3_alias",
			"value": "Date",
			"type": "default",
			"enabled": true
		},
		{
			"key": "tabel_e4_field4",
			"value": "start_time",
			"type": "default",
			"enabled": true
		},
		{
			"key": "tabel_e4_field4_alias",
			"value": "Start Time",
			"type": "default",
			"enabled": true
		},
		{
			"key": "tabel_e4_field5",
			"value": "end_time",
			"type": "default",
			"enabled": true
		},
		{
			"key": "tabel_e4_field5_alias",
			"value": "End Time",
			"type": "default",
			"enabled": true
		},
		{
			"key": "tabel_f2",
			"value": "attendance",
			"type": "default",
			"enabled": true
		},
		{
			"key": "tabel_f2_alias",
			"value": "Attendance",
			"type": "default",
			"enabled": true
		},
		{
			"key": "tabel_f2_field1",
			"value": "attendance_id",
			"type": "default",
			"enabled": true
		},
		{
			"key": "tabel_f2_field1_alias",
			"value": "Attendance ID",
			"type": "default",
			"enabled": true
		},
		{
			"key": "tabel_f2_field2",
			"value": "employee_id",
			"type": "default",
			"enabled": true
		},
		{
			"key": "tabel_f2_field2_alias",
			"value": "Employee ID",
			"type": "default",
			"enabled": true
		},
		{
			"key": "tabel_f2_field3",
			"value": "date",
			"type": "default",
			"enabled": true
		},
		{
			"key": "tabel_f2_field3_alias",
			"value": "Date",
			"type": "default",
			"enabled": true
		},
		{
			"key": "tabel_f2_field4",
			"value": "check_in_time",
			"type": "default",
			"enabled": true
		},
		{
			"key": "tabel_f2_field4_alias",
			"value": "Check-in Time",
			"type": "default",
			"enabled": true
		},
		{
			"key": "tabel_f2_field5",
			"value": "check_out_time",
			"type": "default",
			"enabled": true
		},
		{
			"key": "tabel_f2_field5_alias",
			"value": "Check-out Time",
			"type": "default",
			"enabled": true
		},
		{
			"key": "tabel_f2_field6",
			"value": "status",
			"type": "default",
			"enabled": true
		},
		{
			"key": "tabel_f2_field6_alias",
			"value": "Status",
			"type": "default",
			"enabled": true
		},
		{
			"key": "tabel_f2_field6_value1",
			"value": "present",
			"type": "default",
			"enabled": true
		},
		{
			"key": "tabel_f2_field6_value1_alias",
			"value": "Present",
			"type": "default",
			"enabled": true
		},
		{
			"key": "tabel_f2_field6_value2",
			"value": "absent",
			"type": "default",
			"enabled": true
		},
		{
			"key": "tabel_f2_field6_value2_alias",
			"value": "Absent",
			"type": "default",
			"enabled": true
		},
		{
			"key": "tabel_f2_field6_value3",
			"value": "late",
			"type": "default",
			"enabled": true
		},
		{
			"key": "tabel_f2_field6_value3_alias",
			"value": "Late",
			"type": "default",
			"enabled": true
		},
		{
			"key": "tabel_f2_field6_value4",
			"value": "on_leave",
			"type": "default",
			"enabled": true
		},
		{
			"key": "tabel_f2_field6_value4_alias",
			"value": "On Leave",
			"type": "default",
			"enabled": true
		},
		{
			"key": "tabel_f3",
			"value": "leave_requests",
			"type": "default",
			"enabled": true
		},
		{
			"key": "tabel_f3_alias",
			"value": "Leave Requests",
			"type": "default",
			"enabled": true
		},
		{
			"key": "tabel_f3_field1",
			"value": "request_id",
			"type": "default",
			"enabled": true
		},
		{
			"key": "tabel_f3_field1_alias",
			"value": "Request ID",
			"type": "default",
			"enabled": true
		},
		{
			"key": "tabel_f3_field2",
			"value": "employee_id",
			"type": "default",
			"enabled": true
		},
		{
			"key": "tabel_f3_field2_alias",
			"value": "Employee ID",
			"type": "default",
			"enabled": true
		},
		{
			"key": "tabel_f3_field3",
			"value": "start_date",
			"type": "default",
			"enabled": true
		},
		{
			"key": "tabel_f3_field3_alias",
			"value": "Start Date",
			"type": "default",
			"enabled": true
		},
		{
			"key": "tabel_f3_field4",
			"value": "end_date",
			"type": "default",
			"enabled": true
		},
		{
			"key": "tabel_f3_field4_alias",
			"value": "End Date",
			"type": "default",
			"enabled": true
		},
		{
			"key": "tabel_f3_field5",
			"value": "reason",
			"type": "default",
			"enabled": true
		},
		{
			"key": "tabel_f3_field5_alias",
			"value": "Reason",
			"type": "default",
			"enabled": true
		},
		{
			"key": "tabel_f3_field6",
			"value": "status",
			"type": "default",
			"enabled": true
		},
		{
			"key": "tabel_f3_field6_alias",
			"value": "Status",
			"type": "default",
			"enabled": true
		},
		{
			"key": "tabel_f3_field6_value1",
			"value": "pending",
			"type": "default",
			"enabled": true
		},
		{
			"key": "tabel_f3_field6_value1_alias",
			"value": "Pending",
			"type": "default",
			"enabled": true
		},
		{
			"key": "tabel_f3_field6_value2",
			"value": "approved",
			"type": "default",
			"enabled": true
		},
		{
			"key": "tabel_f3_field6_value2_alias",
			"value": "Approved",
			"type": "default",
			"enabled": true
		},
		{
			"key": "tabel_f3_field6_value3",
			"value": "rejected",
			"type": "default",
			"enabled": true
		},
		{
			"key": "tabel_f3_field6_value3_alias",
			"value": "Rejected",
			"type": "default",
			"enabled": true
		},
		{
			"key": "tabel_f3_field7",
			"value": "created_at",
			"type": "default",
			"enabled": true
		},
		{
			"key": "tabel_f3_field7_alias",
			"value": "Created At",
			"type": "default",
			"enabled": true
		},
		{
			"key": "tabel_f4",
			"value": "operations",
			"type": "default",
			"enabled": true
		},
		{
			"key": "tabel_f4_alias",
			"value": "Hotel Operations",
			"type": "default",
			"enabled": true
		},
		{
			"key": "tabel_f4_field1",
			"value": "id_operations",
			"type": "default",
			"enabled": true
		},
		{
			"key": "tabel_f4_field1_alias",
			"value": "Operation ID",
			"type": "default",
			"enabled": true
		},
		{
			"key": "tabel_f4_field2",
			"value": "no_kamar",
			"type": "default",
			"enabled": true
		},
		{
			"key": "tabel_f4_field2_alias",
			"value": "Room Number",
			"type": "default",
			"enabled": true
		},
		{
			"key": "tabel_f4_field3",
			"value": "id_user",
			"type": "default",
			"enabled": true
		},
		{
			"key": "tabel_f4_field3_alias",
			"value": "User ID",
			"type": "default",
			"enabled": true
		},
		{
			"key": "tabel_f4_field4",
			"value": "id_petugas",
			"type": "default",
			"enabled": true
		},
		{
			"key": "tabel_f4_field4_alias",
			"value": "Officer ID",
			"type": "default",
			"enabled": true
		},
		{
			"key": "tabel_f4_field5",
			"value": "status",
			"type": "default",
			"enabled": true
		},
		{
			"key": "tabel_f4_field5_alias",
			"value": "Status",
			"type": "default",
			"enabled": true
		},
		{
			"key": "tabel_f4_field6",
			"value": "keterangan",
			"type": "default",
			"enabled": true
		},
		{
			"key": "tabel_f4_field6_alias",
			"value": "Description",
			"type": "default",
			"enabled": true
		},
		{
			"key": "tabel_f4_field7",
			"value": "tgl_perubahan",
			"type": "default",
			"enabled": true
		},
		{
			"key": "tabel_f4_field7_alias",
			"value": "Change Date",
			"type": "default",
			"enabled": true
		}
	],
	"_postman_variable_scope": "environment",
	"_postman_exported_at": "2024-04-03T14:13:55.349Z",
	"_postman_exported_using": "Postman/10.24.15"
}