{
	"id": "02203f9a-bf4a-4b7c-9cee-4a03a233d025",
	"name": "collections_billy_bricktrack",
	"values": [
		{
			"key": "timezone",
			"value": "Asia/Jakarta",
			"type": "default",
			"enabled": true
		},
		{
			"key": "database",
			"value": "collections_billy_bricktrack",
			"type": "default",
			"enabled": true
		},
		{
			"key": "base_url",
			"value": "http://localhost/collections/billy/bricktrack",
			"type": "default",
			"enabled": true
		},
		{
			"key": "web_url",
			"value": "https://hotelkhenjy.com/hotel",
			"type": "default",
			"enabled": true
		},
		{
			"key": "year_code",
			"value": "2022-2024",
			"type": "default",
			"enabled": true
		},
		{
			"key": "copyright_notices",
			"value": "All Rights Reserved",
			"type": "default",
			"enabled": true
		},
		{
			"key": "prefix1",
			"value": "txt_",
			"type": "default",
			"enabled": true
		},
		{
			"key": "prefix2",
			"value": "old_",
			"type": "default",
			"enabled": true
		},
		{
			"key": "prefix3",
			"value": "min_",
			"type": "default",
			"enabled": true
		},
		{
			"key": "prefix4",
			"value": "max_",
			"type": "default",
			"enabled": true
		},
		{
			"key": "tabel_a1",
			"value": "pengaturan",
			"type": "default",
			"enabled": true
		},
		{
			"key": "tabel_a1_alias",
			"value": "网站设置",
			"type": "default",
			"enabled": true
		},
		{
			"key": "tabel_a1_field1",
			"value": "id",
			"type": "default",
			"enabled": true
		},
		{
			"key": "tabel_a1_field1_alias",
			"value": "网站ID",
			"type": "default",
			"enabled": true
		},
		{
			"key": "tabel_a1_field2",
			"value": "nama_website",
			"type": "default",
			"enabled": true
		},
		{
			"key": "tabel_a1_field2_alias",
			"value": "网站名称",
			"type": "default",
			"enabled": true
		},
		{
			"key": "tabel_a1_field3",
			"value": "alamat",
			"type": "default",
			"enabled": true
		},
		{
			"key": "tabel_a1_field3_alias",
			"value": "地址",
			"type": "default",
			"enabled": true
		},
		{
			"key": "tabel_a1_field4",
			"value": "email",
			"type": "default",
			"enabled": true
		},
		{
			"key": "tabel_a1_field4_alias",
			"value": "电子邮件",
			"type": "default",
			"enabled": true
		},
		{
			"key": "tabel_a1_field5",
			"value": "hp",
			"type": "default",
			"enabled": true
		},
		{
			"key": "tabel_a1_field5_alias",
			"value": "手机号码",
			"type": "default",
			"enabled": true
		},
		{
			"key": "tabel_a1_field6",
			"value": "id_tema",
			"type": "default",
			"enabled": true
		},
		{
			"key": "tabel_a1_field6_alias",
			"value": "主题ID",
			"type": "default",
			"enabled": true
		},
		{
			"key": "tabel_b1",
			"value": "decoration",
			"type": "default",
			"enabled": true
		},
		{
			"key": "tabel_b1_alias",
			"value": "网站装饰",
			"type": "default",
			"enabled": true
		},
		{
			"key": "tabel_b1_field1",
			"value": "id_decor",
			"type": "default",
			"enabled": true
		},
		{
			"key": "tabel_b1_field1_alias",
			"value": "装饰 ID",
			"type": "default",
			"enabled": true
		},
		{
			"key": "tabel_b1_field2",
			"value": "kode",
			"type": "default",
			"enabled": true
		},
		{
			"key": "tabel_b1_field2_alias",
			"value": "图片代码",
			"type": "default",
			"enabled": true
		},
		{
			"key": "tabel_b1_field3",
			"value": "kunci",
			"type": "default",
			"enabled": true
		},
		{
			"key": "tabel_b1_field3_alias",
			"value": "密钥",
			"type": "default",
			"enabled": true
		},
		{
			"key": "tabel_b1_field4",
			"value": "img",
			"type": "default",
			"enabled": true
		},
		{
			"key": "tabel_b1_field4_alias",
			"value": "照片",
			"type": "default",
			"enabled": true
		},
		{
			"key": "tabel_b1_field5",
			"value": "icons",
			"type": "default",
			"enabled": true
		},
		{
			"key": "tabel_b1_field5_alias",
			"value": "标志",
			"type": "default",
			"enabled": true
		},
		{
			"key": "tabel_b1_field6",
			"value": "tipe",
			"type": "default",
			"enabled": true
		},
		{
			"key": "tabel_b1_field6_alias",
			"value": "类型",
			"type": "default",
			"enabled": true
		},
		{
			"key": "tabel_b1_field7",
			"value": "id_theme",
			"type": "default",
			"enabled": true
		},
		{
			"key": "tabel_b1_field7_alias",
			"value": "主题 ID",
			"type": "default",
			"enabled": true
		},
		{
			"key": "tabel_b2",
			"value": "events",
			"type": "default",
			"enabled": true
		},
		{
			"key": "tabel_b2_alias",
			"value": "网站活动",
			"type": "default",
			"enabled": true
		},
		{
			"key": "tabel_b2_field1",
			"value": "id_event",
			"type": "default",
			"enabled": true
		},
		{
			"key": "tabel_b2_field1_alias",
			"value": "活动 ID",
			"type": "default",
			"enabled": true
		},
		{
			"key": "tabel_b2_field2",
			"value": "nama",
			"type": "default",
			"enabled": true
		},
		{
			"key": "tabel_b2_field2_alias",
			"value": "活动名称",
			"type": "default",
			"enabled": true
		},
		{
			"key": "tabel_b2_field3",
			"value": "slogan",
			"type": "default",
			"enabled": true
		},
		{
			"key": "tabel_b2_field3_alias",
			"value": "口号",
			"type": "default",
			"enabled": true
		},
		{
			"key": "tabel_b2_field4",
			"value": "img",
			"type": "default",
			"enabled": true
		},
		{
			"key": "tabel_b2_field4_alias",
			"value": "照片",
			"type": "default",
			"enabled": true
		},
		{
			"key": "tabel_b2_field5",
			"value": "keterangan",
			"type": "default",
			"enabled": true
		},
		{
			"key": "tabel_b2_field5_alias",
			"value": "描述",
			"type": "default",
			"enabled": true
		},
		{
			"key": "tabel_b2_field6",
			"value": "status",
			"type": "default",
			"enabled": true
		},
		{
			"key": "tabel_b2_field6_alias",
			"value": "状态",
			"type": "default",
			"enabled": true
		},
		{
			"key": "tabel_b2_field6_value1",
			"value": "aktif",
			"type": "default",
			"enabled": true
		},
		{
			"key": "tabel_b2_field6_value1_alias",
			"value": "活跃",
			"type": "default",
			"enabled": true
		},
		{
			"key": "tabel_b2_field6_value2",
			"value": "nonaktif",
			"type": "default",
			"enabled": true
		},
		{
			"key": "tabel_b2_field6_value2_alias",
			"value": "不活跃",
			"type": "default",
			"enabled": true
		},
		{
			"key": "tabel_b2_field7",
			"value": "id_theme",
			"type": "default",
			"enabled": true
		},
		{
			"key": "tabel_b2_field7_alias",
			"value": "主题 ID",
			"type": "default",
			"enabled": true
		},
		{
			"key": "tabel_b3",
			"value": "migrations",
			"type": "default",
			"enabled": true
		},
		{
			"key": "tabel_b3_alias",
			"value": "迁移",
			"type": "default",
			"enabled": true
		},
		{
			"key": "tabel_b3_field1",
			"value": "id",
			"type": "default",
			"enabled": true
		},
		{
			"key": "tabel_b3_field1_alias",
			"value": "迁移 ID",
			"type": "default",
			"enabled": true
		},
		{
			"key": "tabel_b3_field2",
			"value": "migration",
			"type": "default",
			"enabled": true
		},
		{
			"key": "tabel_b3_field2_alias",
			"value": "迁移",
			"type": "default",
			"enabled": true
		},
		{
			"key": "tabel_b3_field3",
			"value": "batch",
			"type": "default",
			"enabled": true
		},
		{
			"key": "tabel_b3_field3_alias",
			"value": "批次",
			"type": "default",
			"enabled": true
		},
		{
			"key": "tabel_b4",
			"value": "failed_jobs",
			"type": "default",
			"enabled": true
		},
		{
			"key": "tabel_b4_alias",
			"value": "失败的工作",
			"type": "default",
			"enabled": true
		},
		{
			"key": "tabel_b4_field1",
			"value": "id",
			"type": "default",
			"enabled": true
		},
		{
			"key": "tabel_b4_field1_alias",
			"value": "ID",
			"type": "default",
			"enabled": true
		},
		{
			"key": "tabel_b4_field2",
			"value": "uuid",
			"type": "default",
			"enabled": true
		},
		{
			"key": "tabel_b4_field2_alias",
			"value": "UUID",
			"type": "default",
			"enabled": true
		},
		{
			"key": "tabel_b4_field3",
			"value": "connection",
			"type": "default",
			"enabled": true
		},
		{
			"key": "tabel_b4_field3_alias",
			"value": "连接",
			"type": "default",
			"enabled": true
		},
		{
			"key": "tabel_b4_field4",
			"value": "queue",
			"type": "default",
			"enabled": true
		},
		{
			"key": "tabel_b4_field4_alias",
			"value": "队列",
			"type": "default",
			"enabled": true
		},
		{
			"key": "tabel_b4_field5",
			"value": "payload",
			"type": "default",
			"enabled": true
		},
		{
			"key": "tabel_b4_field5_alias",
			"value": "有效载荷",
			"type": "default",
			"enabled": true
		},
		{
			"key": "tabel_b4_field6",
			"value": "exception",
			"type": "default",
			"enabled": true
		},
		{
			"key": "tabel_b4_field6_alias",
			"value": "异常",
			"type": "default",
			"enabled": true
		},
		{
			"key": "tabel_b4_field7",
			"value": "failed_at",
			"type": "default",
			"enabled": true
		},
		{
			"key": "tabel_b4_field7_alias",
			"value": "失败时间",
			"type": "default",
			"enabled": true
		},
		{
			"key": "tabel_b5",
			"value": "website_licenses",
			"type": "default",
			"enabled": true
		},
		{
			"key": "tabel_b5_alias",
			"value": "许可证",
			"type": "default",
			"enabled": true
		},
		{
			"key": "tabel_b5_field1",
			"value": "id_lisensi",
			"type": "default",
			"enabled": true
		},
		{
			"key": "tabel_b5_field1_alias",
			"value": "许可证 ID",
			"type": "default",
			"enabled": true
		},
		{
			"key": "tabel_b5_field2",
			"value": "nama",
			"type": "default",
			"enabled": true
		},
		{
			"key": "tabel_b5_field2_alias",
			"value": "许可证名称",
			"type": "default",
			"enabled": true
		},
		{
			"key": "tabel_b5_field3",
			"value": "konten",
			"type": "default",
			"enabled": true
		},
		{
			"key": "tabel_b5_field3_alias",
			"value": "内容",
			"type": "default",
			"enabled": true
		},
		{
			"key": "tabel_b5_field4",
			"value": "img",
			"type": "default",
			"enabled": true
		},
		{
			"key": "tabel_b5_field4_alias",
			"value": "照片",
			"type": "default",
			"enabled": true
		},
		{
			"key": "tabel_b5_field5",
			"value": "link",
			"type": "default",
			"enabled": true
		},
		{
			"key": "tabel_b5_field5_alias",
			"value": "许可证链接",
			"type": "default",
			"enabled": true
		},
		{
			"key": "tabel_b5_field6",
			"value": "status",
			"type": "default",
			"enabled": true
		},
		{
			"key": "tabel_b5_field6_alias",
			"value": "许可证状态",
			"type": "default",
			"enabled": true
		},
		{
			"key": "tabel_b5_field6_value1",
			"value": "aktif",
			"type": "default",
			"enabled": true
		},
		{
			"key": "tabel_b5_field6_value1_alias",
			"value": "活跃",
			"type": "default",
			"enabled": true
		},
		{
			"key": "tabel_b5_field6_value2",
			"value": "mati",
			"type": "default",
			"enabled": true
		},
		{
			"key": "tabel_b5_field6_value2_alias",
			"value": "失效",
			"type": "default",
			"enabled": true
		},
		{
			"key": "tabel_b5_field7",
			"value": "id_theme",
			"type": "default",
			"enabled": true
		},
		{
			"key": "tabel_b5_field7_alias",
			"value": "主题 ID",
			"type": "default",
			"enabled": true
		},
		{
			"key": "tabel_b6",
			"value": "website_sosmed",
			"type": "default",
			"enabled": true
		},
		{
			"key": "tabel_b6_alias",
			"value": "社交媒体账户",
			"type": "default",
			"enabled": true
		},
		{
			"key": "tabel_b6_field1",
			"value": "id_sosmed",
			"type": "default",
			"enabled": true
		},
		{
			"key": "tabel_b6_field1_alias",
			"value": "社交媒体ID",
			"type": "default",
			"enabled": true
		},
		{
			"key": "tabel_b6_field2",
			"value": "platform",
			"type": "default",
			"enabled": true
		},
		{
			"key": "tabel_b6_field2_alias",
			"value": "平台",
			"type": "default",
			"enabled": true
		},
		{
			"key": "tabel_b6_field3",
			"value": "nama",
			"type": "default",
			"enabled": true
		},
		{
			"key": "tabel_b6_field3_alias",
			"value": "社交媒体名称",
			"type": "default",
			"enabled": true
		},
		{
			"key": "tabel_b6_field4",
			"value": "link",
			"type": "default",
			"enabled": true
		},
		{
			"key": "tabel_b6_field4_alias",
			"value": "链接",
			"type": "default",
			"enabled": true
		},
		{
			"key": "tabel_b6_field5",
			"value": "icon",
			"type": "default",
			"enabled": true
		},
		{
			"key": "tabel_b6_field5_alias",
			"value": "Fontawesome 图标",
			"type": "default",
			"enabled": true
		},
		{
			"key": "tabel_b6_field6",
			"value": "status",
			"type": "default",
			"enabled": true
		},
		{
			"key": "tabel_b6_field6_alias",
			"value": "状态",
			"type": "default",
			"enabled": true
		},
		{
			"key": "tabel_b6_field6_value1",
			"value": "aktif",
			"type": "default",
			"enabled": true
		},
		{
			"key": "tabel_b6_field6_value1_alias",
			"value": "活跃",
			"type": "default",
			"enabled": true
		},
		{
			"key": "tabel_b6_field6_value2",
			"value": "tidak_aktif",
			"type": "default",
			"enabled": true
		},
		{
			"key": "tabel_b6_field6_value2_alias",
			"value": "不活跃",
			"type": "default",
			"enabled": true
		},
		{
			"key": "tabel_b6_field7",
			"value": "id_theme",
			"type": "default",
			"enabled": true
		},
		{
			"key": "tabel_b6_field7_alias",
			"value": "主题ID",
			"type": "default",
			"enabled": true
		},
		{
			"key": "tabel_b7",
			"value": "website_themes",
			"type": "default",
			"enabled": true
		},
		{
			"key": "tabel_b7_alias",
			"value": "网站主题",
			"type": "default",
			"enabled": true
		},
		{
			"key": "tabel_b7_field1",
			"value": "id_theme",
			"type": "default",
			"enabled": true
		},
		{
			"key": "tabel_b7_field1_alias",
			"value": "主题ID",
			"type": "default",
			"enabled": true
		},
		{
			"key": "tabel_b7_field2",
			"value": "nama",
			"type": "default",
			"enabled": true
		},
		{
			"key": "tabel_b7_field2_alias",
			"value": "主题名称",
			"type": "default",
			"enabled": true
		},
		{
			"key": "tabel_b7_field3",
			"value": "favicon",
			"type": "default",
			"enabled": true
		},
		{
			"key": "tabel_b7_field3_alias",
			"value": "网站图标",
			"type": "default",
			"enabled": true
		},
		{
			"key": "tabel_b7_field4",
			"value": "logo",
			"type": "default",
			"enabled": true
		},
		{
			"key": "tabel_b7_field4_alias",
			"value": "标志",
			"type": "default",
			"enabled": true
		},
		{
			"key": "tabel_b7_field5",
			"value": "foto",
			"type": "default",
			"enabled": true
		},
		{
			"key": "tabel_b7_field5_alias",
			"value": "照片",
			"type": "default",
			"enabled": true
		},
		{
			"key": "tabel_b7_field6",
			"value": "deskripsi",
			"type": "default",
			"enabled": true
		},
		{
			"key": "tabel_b7_field6_alias",
			"value": "描述",
			"type": "default",
			"enabled": true
		},
		{
			"key": "tabel_b8",
			"value": "website_notif_type",
			"type": "default",
			"enabled": true
		},
		{
			"key": "tabel_b8_alias",
			"value": "通知类型",
			"type": "default",
			"enabled": true
		},
		{
			"key": "tabel_b8_field1",
			"value": "id_notif_type",
			"type": "default",
			"enabled": true
		},
		{
			"key": "tabel_b8_field1_alias",
			"value": "通知ID",
			"type": "default",
			"enabled": true
		},
		{
			"key": "tabel_b8_field2",
			"value": "notif_type",
			"type": "default",
			"enabled": true
		},
		{
			"key": "tabel_b8_field2_alias",
			"value": "通知类型",
			"type": "default",
			"enabled": true
		},
		{
			"key": "tabel_b8_field2_value1",
			"value": "new_notification_available",
			"type": "default",
			"enabled": true
		},
		{
			"key": "tabel_b8_field2_value2",
			"value": "new_message_received",
			"type": "default",
			"enabled": true
		},
		{
			"key": "tabel_b8_field2_value3",
			"value": "important_message_warning",
			"type": "default",
			"enabled": true
		},
		{
			"key": "tabel_b8_field2_value4",
			"value": "action_completed_successfully",
			"type": "default",
			"enabled": true
		},
		{
			"key": "tabel_b8_field2_value5",
			"value": "informational_note",
			"type": "default",
			"enabled": true
		},
		{
			"key": "tabel_b8_field2_value6",
			"value": "action_failed_error",
			"type": "default",
			"enabled": true
		},
		{
			"key": "tabel_b8_field2_value7",
			"value": "need_assistance_help",
			"type": "default",
			"enabled": true
		},
		{
			"key": "tabel_b8_field2_value8",
			"value": "positive_feedback_received",
			"type": "default",
			"enabled": true
		},
		{
			"key": "tabel_b8_field2_value9",
			"value": "negative_feedback_received",
			"type": "default",
			"enabled": true
		},
		{
			"key": "tabel_b8_field2_value10",
			"value": "upcoming_event_reminder",
			"type": "default",
			"enabled": true
		},
		{
			"key": "tabel_b8_field3",
			"value": "title",
			"type": "default",
			"enabled": true
		},
		{
			"key": "tabel_b8_field3_alias",
			"value": "标题",
			"type": "default",
			"enabled": true
		},
		{
			"key": "tabel_b8_field4",
			"value": "icon",
			"type": "default",
			"enabled": true
		},
		{
			"key": "tabel_b8_field4_alias",
			"value": "图标",
			"type": "default",
			"enabled": true
		},
		{
			"key": "tabel_b9",
			"value": "website_notifications",
			"type": "default",
			"enabled": true
		},
		{
			"key": "tabel_b9_alias",
			"value": "通知",
			"type": "default",
			"enabled": true
		},
		{
			"key": "tabel_b9_field1",
			"value": "id_notif",
			"type": "default",
			"enabled": true
		},
		{
			"key": "tabel_b9_field1_alias",
			"value": "通知ID",
			"type": "default",
			"enabled": true
		},
		{
			"key": "tabel_b9_field2",
			"value": "id_user",
			"type": "default",
			"enabled": true
		},
		{
			"key": "tabel_b9_field2_alias",
			"value": "用户ID",
			"type": "default",
			"enabled": true
		},
		{
			"key": "tabel_b9_field3",
			"value": "notif_type",
			"type": "default",
			"enabled": true
		},
		{
			"key": "tabel_b9_field3_alias",
			"value": "通知类型",
			"type": "default",
			"enabled": true
		},
		{
			"key": "tabel_b9_field4",
			"value": "description",
			"type": "default",
			"enabled": true
		},
		{
			"key": "tabel_b9_field4_alias",
			"value": "描述",
			"type": "default",
			"enabled": true
		},
		{
			"key": "tabel_b9_field5",
			"value": "created_at",
			"type": "default",
			"enabled": true
		},
		{
			"key": "tabel_b9_field5_alias",
			"value": "创建时间",
			"type": "default",
			"enabled": true
		},
		{
			"key": "tabel_b9_field6",
			"value": "read_at",
			"type": "default",
			"enabled": true
		},
		{
			"key": "tabel_b9_field6_alias",
			"value": "阅读时间",
			"type": "default",
			"enabled": true
		},
		{
			"key": "tabel_c1",
			"value": "petugas",
			"type": "default",
			"enabled": true
		},
		{
			"key": "tabel_c1_alias",
			"value": "工作人员",
			"type": "default",
			"enabled": true
		},
		{
			"key": "tabel_c1_alias2",
			"value": "个人资料",
			"type": "default",
			"enabled": true
		},
		{
			"key": "tabel_c1_field1",
			"value": "id_petugas",
			"type": "default",
			"enabled": true
		},
		{
			"key": "tabel_c1_field1_alias",
			"value": "工作人员ID",
			"type": "default",
			"enabled": true
		},
		{
			"key": "tabel_c1_field2",
			"value": "nama",
			"type": "default",
			"enabled": true
		},
		{
			"key": "tabel_c1_field2_alias",
			"value": "姓名",
			"type": "default",
			"enabled": true
		},
		{
			"key": "tabel_c1_field3",
			"value": "email",
			"type": "default",
			"enabled": true
		},
		{
			"key": "tabel_c1_field3_alias",
			"value": "电子邮件",
			"type": "default",
			"enabled": true
		},
		{
			"key": "tabel_c1_field4",
			"value": "password",
			"type": "default",
			"enabled": true
		},
		{
			"key": "tabel_c1_field4_alias",
			"value": "密码",
			"type": "default",
			"enabled": true
		},
		{
			"key": "tabel_c1_field5",
			"value": "hp",
			"type": "default",
			"enabled": true
		},
		{
			"key": "tabel_c1_field5_alias",
			"value": "电话号码",
			"type": "default",
			"enabled": true
		},
		{
			"key": "tabel_c1_field6",
			"value": "img",
			"type": "default",
			"enabled": true
		},
		{
			"key": "tabel_c1_field6_alias",
			"value": "照片",
			"type": "default",
			"enabled": true
		},
		{
			"key": "tabel_c1_field7",
			"value": "role",
			"type": "default",
			"enabled": true
		},
		{
			"key": "tabel_c1_field7_alias",
			"value": "角色",
			"type": "default",
			"enabled": true
		},
		{
			"key": "tabel_c1_field7_value1",
			"value": "cleaning",
			"type": "default",
			"enabled": true
		},
		{
			"key": "tabel_c1_field7_value1_alias",
			"value": "清洁",
			"type": "default",
			"enabled": true
		},
		{
			"key": "tabel_c1_field7_value2",
			"value": "maintenance",
			"type": "default",
			"enabled": true
		},
		{
			"key": "tabel_c1_field7_value2_alias",
			"value": "维护",
			"type": "default",
			"enabled": true
		},
		{
			"key": "tabel_c1_field8",
			"value": "poin",
			"type": "default",
			"enabled": true
		},
		{
			"key": "tabel_c1_field8_alias",
			"value": "积分",
			"type": "default",
			"enabled": true
		},
		{
			"key": "tabel_c2",
			"value": "user",
			"type": "default",
			"enabled": true
		},
		{
			"key": "tabel_c2_alias",
			"value": "用户",
			"type": "default",
			"enabled": true
		},
		{
			"key": "tabel_c2_alias2",
			"value": "简介",
			"type": "default",
			"enabled": true
		},
		{
			"key": "tabel_c2_field1",
			"value": "id_user",
			"type": "default",
			"enabled": true
		},
		{
			"key": "tabel_c2_field1_alias",
			"value": "用户ID",
			"type": "default",
			"enabled": true
		},
		{
			"key": "tabel_c2_field2",
			"value": "nama",
			"type": "default",
			"enabled": true
		},
		{
			"key": "tabel_c2_field2_alias",
			"value": "名称",
			"type": "default",
			"enabled": true
		},
		{
			"key": "tabel_c2_field3",
			"value": "email",
			"type": "default",
			"enabled": true
		},
		{
			"key": "tabel_c2_field3_alias",
			"value": "邮箱",
			"type": "default",
			"enabled": true
		},
		{
			"key": "tabel_c2_field4",
			"value": "password",
			"type": "default",
			"enabled": true
		},
		{
			"key": "tabel_c2_field4_alias",
			"value": "密码",
			"type": "default",
			"enabled": true
		},
		{
			"key": "tabel_c2_field5",
			"value": "hp",
			"type": "default",
			"enabled": true
		},
		{
			"key": "tabel_c2_field5_alias",
			"value": "手机号",
			"type": "default",
			"enabled": true
		},
		{
			"key": "tabel_c2_field6",
			"value": "level",
			"type": "default",
			"enabled": true
		},
		{
			"key": "tabel_c2_field6_alias",
			"value": "级别",
			"type": "default",
			"enabled": true
		},
		{
			"key": "tabel_c2_field6_value1",
			"value": "",
			"type": "default",
			"enabled": true
		},
		{
			"key": "tabel_c2_field6_value2",
			"value": "accounting",
			"type": "default",
			"enabled": true
		},
		{
			"key": "tabel_c2_field6_value2_alias",
			"value": "会计",
			"type": "default",
			"enabled": true
		},
		{
			"key": "tabel_c2_field6_value3",
			"value": "administrator",
			"type": "default",
			"enabled": true
		},
		{
			"key": "tabel_c2_field6_value3_alias",
			"value": "管理员",
			"type": "default",
			"enabled": true
		},
		{
			"key": "tabel_c2_field6_value4",
			"value": "resepsionis",
			"type": "default",
			"enabled": true
		},
		{
			"key": "tabel_c2_field6_value4_alias",
			"value": "接待员",
			"type": "default",
			"enabled": true
		},
		{
			"key": "tabel_c2_field6_value5",
			"value": "tamu",
			"type": "default",
			"enabled": true
		},
		{
			"key": "tabel_c2_field6_value5_alias",
			"value": "客人",
			"type": "default",
			"enabled": true
		},
		{
			"key": "tabel_c2_field7",
			"value": "login_count",
			"type": "default",
			"enabled": true
		},
		{
			"key": "tabel_c2_field7_alias",
			"value": "登录次数",
			"type": "default",
			"enabled": true
		},
		{
			"key": "tabel_d1",
			"value": "personal_access_tokens",
			"type": "default",
			"enabled": true
		},
		{
			"key": "tabel_d1_alias",
			"value": "个人访问令牌",
			"type": "default",
			"enabled": true
		},
		{
			"key": "tabel_d2",
			"value": "password_resets",
			"type": "default",
			"enabled": true
		},
		{
			"key": "tabel_d2_alias",
			"value": "密码重置",
			"type": "default",
			"enabled": true
		},
		{
			"key": "tabel_d2_field1",
			"value": "email",
			"type": "default",
			"enabled": true
		},
		{
			"key": "tabel_d2_field1_alias",
			"value": "电子邮件",
			"type": "default",
			"enabled": true
		},
		{
			"key": "tabel_d2_field2",
			"value": "token",
			"type": "default",
			"enabled": true
		},
		{
			"key": "tabel_d2_field2_alias",
			"value": "令牌",
			"type": "default",
			"enabled": true
		},
		{
			"key": "tabel_d2_field3",
			"value": "created_at",
			"type": "default",
			"enabled": true
		},
		{
			"key": "tabel_d2_field3_alias",
			"value": "创建时间",
			"type": "default",
			"enabled": true
		},
		{
			"key": "tabel_d3",
			"value": "login_histories",
			"type": "default",
			"enabled": true
		},
		{
			"key": "tabel_d3_alias",
			"value": "登录历史",
			"type": "default",
			"enabled": true
		},
		{
			"key": "tabel_d3_field1",
			"value": "id",
			"type": "default",
			"enabled": true
		},
		{
			"key": "tabel_d3_field1_alias",
			"value": "登录历史ID",
			"type": "default",
			"enabled": true
		},
		{
			"key": "tabel_d3_field2",
			"value": "id_user",
			"type": "default",
			"enabled": true
		},
		{
			"key": "tabel_d3_field2_alias",
			"value": "用户ID",
			"type": "default",
			"enabled": true
		},
		{
			"key": "tabel_d3_field3",
			"value": "created_at",
			"type": "default",
			"enabled": true
		},
		{
			"key": "tabel_d3_field3_alias",
			"value": "登录时间",
			"type": "default",
			"enabled": true
		},
		{
			"key": "tabel_d3_field4",
			"value": "updated_at",
			"type": "default",
			"enabled": true
		},
		{
			"key": "tabel_d3_field4_alias",
			"value": "更新时间",
			"type": "default",
			"enabled": true
		},
		{
			"key": "tabel_d3_field5",
			"value": "device_type",
			"type": "default",
			"enabled": true
		},
		{
			"key": "tabel_d3_field5_alias",
			"value": "设备类型",
			"type": "default",
			"enabled": true
		},
		{
			"key": "tabel_e1",
			"value": "faskamar",
			"type": "default",
			"enabled": true
		},
		{
			"key": "tabel_e1_alias",
			"value": "客房设施",
			"type": "default",
			"enabled": true
		},
		{
			"key": "tabel_e1_field1",
			"value": "id_faskamar",
			"type": "default",
			"enabled": true
		},
		{
			"key": "tabel_e1_field1_alias",
			"value": "客房设施ID",
			"type": "default",
			"enabled": true
		},
		{
			"key": "tabel_e1_field2",
			"value": "tipe",
			"type": "default",
			"enabled": true
		},
		{
			"key": "tabel_e1_field2_alias",
			"value": "房间类型",
			"type": "default",
			"enabled": true
		},
		{
			"key": "tabel_e1_field3",
			"value": "nama",
			"type": "default",
			"enabled": true
		},
		{
			"key": "tabel_e1_field3_alias",
			"value": "设施名称",
			"type": "default",
			"enabled": true
		},
		{
			"key": "tabel_e1_field4",
			"value": "img",
			"type": "default",
			"enabled": true
		},
		{
			"key": "tabel_e1_field4_alias",
			"value": "照片",
			"type": "default",
			"enabled": true
		},
		{
			"key": "tabel_e2",
			"value": "fashotel",
			"type": "default",
			"enabled": true
		},
		{
			"key": "tabel_e2_alias",
			"value": "酒店设施",
			"type": "default",
			"enabled": true
		},
		{
			"key": "tabel_e2_field1",
			"value": "id_fashotel",
			"type": "default",
			"enabled": true
		},
		{
			"key": "tabel_e2_field1_alias",
			"value": "酒店设施ID",
			"type": "default",
			"enabled": true
		},
		{
			"key": "tabel_e2_field2",
			"value": "nama",
			"type": "default",
			"enabled": true
		},
		{
			"key": "tabel_e2_field2_alias",
			"value": "设施名称",
			"type": "default",
			"enabled": true
		},
		{
			"key": "tabel_e2_field3",
			"value": "keterangan",
			"type": "default",
			"enabled": true
		},
		{
			"key": "tabel_e2_field3_alias",
			"value": "说明",
			"type": "default",
			"enabled": true
		},
		{
			"key": "tabel_e2_field4",
			"value": "img",
			"type": "default",
			"enabled": true
		},
		{
			"key": "tabel_e2_field4_alias",
			"value": "照片",
			"type": "default",
			"enabled": true
		},
		{
			"key": "tabel_e3",
			"value": "kamar",
			"type": "default",
			"enabled": true
		},
		{
			"key": "tabel_e3_alias",
			"value": "房间",
			"type": "default",
			"enabled": true
		},
		{
			"key": "tabel_e3_field1",
			"value": "no_kamar",
			"type": "default",
			"enabled": true
		},
		{
			"key": "tabel_e3_field1_alias",
			"value": "房间号码",
			"type": "default",
			"enabled": true
		},
		{
			"key": "tabel_e3_field2",
			"value": "id_tipe",
			"type": "default",
			"enabled": true
		},
		{
			"key": "tabel_e3_field2_alias",
			"value": "房间类型ID",
			"type": "default",
			"enabled": true
		},
		{
			"key": "tabel_e3_field3",
			"value": "id_pesanan",
			"type": "default",
			"enabled": true
		},
		{
			"key": "tabel_e3_field3_alias",
			"value": "订单ID",
			"type": "default",
			"enabled": true
		},
		{
			"key": "tabel_e3_field4",
			"value": "status",
			"type": "default",
			"enabled": true
		},
		{
			"key": "tabel_e3_field4_alias",
			"value": "状态",
			"type": "default",
			"enabled": true
		},
		{
			"key": "tabel_e3_field4_value1",
			"value": "0",
			"type": "default",
			"enabled": true
		},
		{
			"key": "tabel_e3_field4_value2",
			"value": "Available",
			"type": "default",
			"enabled": true
		},
		{
			"key": "tabel_e3_field4_value2_alias",
			"value": "可用",
			"type": "default",
			"enabled": true
		},
		{
			"key": "tabel_e3_field4_value3",
			"value": "Unavailable",
			"type": "default",
			"enabled": true
		},
		{
			"key": "tabel_e3_field4_value3_alias",
			"value": "不可用",
			"type": "default",
			"enabled": true
		},
		{
			"key": "tabel_e3_field4_value4",
			"value": "Dirty",
			"type": "default",
			"enabled": true
		},
		{
			"key": "tabel_e3_field4_value4_alias",
			"value": "脏",
			"type": "default",
			"enabled": true
		},
		{
			"key": "tabel_e3_field4_value5",
			"value": "Damaged",
			"type": "default",
			"enabled": true
		},
		{
			"key": "tabel_e3_field4_value5_alias",
			"value": "损坏",
			"type": "default",
			"enabled": true
		},
		{
			"key": "tabel_e3_field5",
			"value": "keterangan",
			"type": "default",
			"enabled": true
		},
		{
			"key": "tabel_e3_field5_alias",
			"value": "备注",
			"type": "default",
			"enabled": true
		},
		{
			"key": "tabel_e4",
			"value": "tipe_kamar",
			"type": "default",
			"enabled": true
		},
		{
			"key": "tabel_e4_alias",
			"value": "房间类型",
			"type": "default",
			"enabled": true
		},
		{
			"key": "tabel_e4_field1",
			"value": "id_tipe",
			"type": "default",
			"enabled": true
		},
		{
			"key": "tabel_e4_field1_alias",
			"value": "房间类型ID",
			"type": "default",
			"enabled": true
		},
		{
			"key": "tabel_e4_field2",
			"value": "tipe",
			"type": "default",
			"enabled": true
		},
		{
			"key": "tabel_e4_field2_alias",
			"value": "类型",
			"type": "default",
			"enabled": true
		},
		{
			"key": "tabel_e4_field3",
			"value": "img",
			"type": "default",
			"enabled": true
		},
		{
			"key": "tabel_e4_field3_alias",
			"value": "照片",
			"type": "default",
			"enabled": true
		},
		{
			"key": "tabel_e4_field4",
			"value": "stok",
			"type": "default",
			"enabled": true
		},
		{
			"key": "tabel_e4_field4_alias",
			"value": "库存",
			"type": "default",
			"enabled": true
		},
		{
			"key": "tabel_e4_field5",
			"value": "harga",
			"type": "default",
			"enabled": true
		},
		{
			"key": "tabel_e4_field5_alias",
			"value": "价格",
			"type": "default",
			"enabled": true
		},
		{
			"key": "tabel_f1",
			"value": "history",
			"type": "default",
			"enabled": true
		},
		{
			"key": "tabel_f1_alias",
			"value": "预订历史",
			"type": "default",
			"enabled": true
		},
		{
			"key": "tabel_f1_field1",
			"value": "id_history",
			"type": "default",
			"enabled": true
		},
		{
			"key": "tabel_f1_field1_alias",
			"value": "历史ID",
			"type": "default",
			"enabled": true
		},
		{
			"key": "tabel_f1_field2",
			"value": "id_pesanan",
			"type": "default",
			"enabled": true
		},
		{
			"key": "tabel_f1_field2_alias",
			"value": "订单ID",
			"type": "default",
			"enabled": true
		},
		{
			"key": "tabel_f1_field3",
			"value": "id_user",
			"type": "default",
			"enabled": true
		},
		{
			"key": "tabel_f1_field3_alias",
			"value": "用户ID",
			"type": "default",
			"enabled": true
		},
		{
			"key": "tabel_f1_field4",
			"value": "pemesan",
			"type": "default",
			"enabled": true
		},
		{
			"key": "tabel_f1_field4_alias",
			"value": "预订者姓名",
			"type": "default",
			"enabled": true
		},
		{
			"key": "tabel_f1_field5",
			"value": "email",
			"type": "default",
			"enabled": true
		},
		{
			"key": "tabel_f1_field5_alias",
			"value": "邮箱",
			"type": "default",
			"enabled": true
		},
		{
			"key": "tabel_f1_field6",
			"value": "hp",
			"type": "default",
			"enabled": true
		},
		{
			"key": "tabel_f1_field6_alias",
			"value": "手机号码",
			"type": "default",
			"enabled": true
		},
		{
			"key": "tabel_f1_field7",
			"value": "tamu",
			"type": "default",
			"enabled": true
		},
		{
			"key": "tabel_f1_field7_alias",
			"value": "用户ID",
			"type": "default",
			"enabled": true
		},
		{
			"key": "tabel_f1_field8",
			"value": "id_tipe",
			"type": "default",
			"enabled": true
		},
		{
			"key": "tabel_f1_field8_alias",
			"value": "房间类型",
			"type": "default",
			"enabled": true
		},
		{
			"key": "tabel_f1_field9",
			"value": "jlh",
			"type": "default",
			"enabled": true
		},
		{
			"key": "tabel_f1_field9_alias",
			"value": "数量",
			"type": "default",
			"enabled": true
		},
		{
			"key": "tabel_f1_field10",
			"value": "harga_total",
			"type": "default",
			"enabled": true
		},
		{
			"key": "tabel_f1_field10_alias",
			"value": "总价",
			"type": "default",
			"enabled": true
		},
		{
			"key": "tabel_f1_field11",
			"value": "cek_in",
			"type": "default",
			"enabled": true
		},
		{
			"key": "tabel_f1_field11_alias",
			"value": "入住日期",
			"type": "default",
			"enabled": true
		},
		{
			"key": "tabel_f1_field12",
			"value": "cek_out",
			"type": "default",
			"enabled": true
		},
		{
			"key": "tabel_f1_field12_alias",
			"value": "退房日期",
			"type": "default",
			"enabled": true
		},
		{
			"key": "tabel_f1_field13",
			"value": "no_kamar",
			"type": "default",
			"enabled": true
		},
		{
			"key": "tabel_f1_field13_alias",
			"value": "房间号",
			"type": "default",
			"enabled": true
		},
		{
			"key": "tabel_f1_field14",
			"value": "tgl_perubahan",
			"type": "default",
			"enabled": true
		},
		{
			"key": "tabel_f1_field14_alias",
			"value": "更改日期",
			"type": "default",
			"enabled": true
		},
		{
			"key": "tabel_f1_field15",
			"value": "user_aktif",
			"type": "default",
			"enabled": true
		},
		{
			"key": "tabel_f1_field15_alias",
			"value": "活跃用户",
			"type": "default",
			"enabled": true
		},
		{
			"key": "tabel_f2",
			"value": "pesanan",
			"type": "default",
			"enabled": true
		},
		{
			"key": "tabel_f2_alias",
			"value": "订单",
			"type": "default",
			"enabled": true
		},
		{
			"key": "tabel_f2_field1",
			"value": "id_pesanan",
			"type": "default",
			"enabled": true
		},
		{
			"key": "tabel_f2_field1_alias",
			"value": "订单编号",
			"type": "default",
			"enabled": true
		},
		{
			"key": "tabel_f2_field2",
			"value": "id_user",
			"type": "default",
			"enabled": true
		},
		{
			"key": "tabel_f2_field2_alias",
			"value": "用户编号",
			"type": "default",
			"enabled": true
		},
		{
			"key": "tabel_f2_field3",
			"value": "pemesan",
			"type": "default",
			"enabled": true
		},
		{
			"key": "tabel_f2_field3_alias",
			"value": "预订人",
			"type": "default",
			"enabled": true
		},
		{
			"key": "tabel_f2_field4",
			"value": "email",
			"type": "default",
			"enabled": true
		},
		{
			"key": "tabel_f2_field4_alias",
			"value": "电子邮件",
			"type": "default",
			"enabled": true
		},
		{
			"key": "tabel_f2_field5",
			"value": "hp",
			"type": "default",
			"enabled": true
		},
		{
			"key": "tabel_f2_field5_alias",
			"value": "手机号码",
			"type": "default",
			"enabled": true
		},
		{
			"key": "tabel_f2_field6",
			"value": "tamu",
			"type": "default",
			"enabled": true
		},
		{
			"key": "tabel_f2_field6_alias",
			"value": "宾客",
			"type": "default",
			"enabled": true
		},
		{
			"key": "tabel_f2_field7",
			"value": "id_tipe",
			"type": "default",
			"enabled": true
		},
		{
			"key": "tabel_f2_field7_alias",
			"value": "房型编号",
			"type": "default",
			"enabled": true
		},
		{
			"key": "tabel_f2_field8",
			"value": "jlh",
			"type": "default",
			"enabled": true
		},
		{
			"key": "tabel_f2_field8_alias",
			"value": "数量",
			"type": "default",
			"enabled": true
		},
		{
			"key": "tabel_f2_field9",
			"value": "harga_total",
			"type": "default",
			"enabled": true
		},
		{
			"key": "tabel_f2_field9_alias",
			"value": "总价",
			"type": "default",
			"enabled": true
		},
		{
			"key": "tabel_f2_field10",
			"value": "cek_in",
			"type": "default",
			"enabled": true
		},
		{
			"key": "tabel_f2_field10_alias",
			"value": "入住时间",
			"type": "default",
			"enabled": true
		},
		{
			"key": "tabel_f2_field11",
			"value": "cek_out",
			"type": "default",
			"enabled": true
		},
		{
			"key": "tabel_f2_field11_alias",
			"value": "退房时间",
			"type": "default",
			"enabled": true
		},
		{
			"key": "tabel_f2_field12",
			"value": "status",
			"type": "default",
			"enabled": true
		},
		{
			"key": "tabel_f2_field12_alias",
			"value": "状态",
			"type": "default",
			"enabled": true
		},
		{
			"key": "tabel_f2_field12_value1",
			"value": "pending",
			"type": "default",
			"enabled": true
		},
		{
			"key": "tabel_f2_field12_value1_alias",
			"value": "待定",
			"type": "default",
			"enabled": true
		},
		{
			"key": "tabel_f2_field12_value2",
			"value": "belum bayar",
			"type": "default",
			"enabled": true
		},
		{
			"key": "tabel_f2_field12_value2_alias",
			"value": "未支付",
			"type": "default",
			"enabled": true
		},
		{
			"key": "tabel_f2_field12_value3",
			"value": "menunggu",
			"type": "default",
			"enabled": true
		},
		{
			"key": "tabel_f2_field12_value3_alias",
			"value": "等待",
			"type": "default",
			"enabled": true
		},
		{
			"key": "tabel_f2_field12_value4",
			"value": "cek in",
			"type": "default",
			"enabled": true
		},
		{
			"key": "tabel_f2_field12_value4_alias",
			"value": "入住",
			"type": "default",
			"enabled": true
		},
		{
			"key": "tabel_f2_field12_value5",
			"value": "cek out",
			"type": "default",
			"enabled": true
		},
		{
			"key": "tabel_f2_field12_value5_alias",
			"value": "退房",
			"type": "default",
			"enabled": true
		},
		{
			"key": "tabel_f2_field13",
			"value": "no_kamar",
			"type": "default",		
			"enabled": true
		},
		{
			"key": "tabel_f2_field13_alias",
			"value": "交易",
			"type": "default",
			"enabled": true
		},
		{
			"key": "tabel_f3",
			"value": "transaksi",
			"type": "default",
			"enabled": true
		},
		{
			"key": "tabel_f3_alias",
			"value": "交易",
			"type": "default",
			"enabled": true
		},
		{
			"key": "tabel_f3_field1",
			"value": "id_transaksi",
			"type": "default",
			"enabled": true
		},
		{
			"key": "tabel_f3_field1_alias",
			"value": "交易 ID",
			"type": "default",
			"enabled": true
		},
		{
			"key": "tabel_f3_field2",
			"value": "id_user",
			"type": "default",
			"enabled": true
		},
		{
			"key": "tabel_f3_field2_alias",
			"value": "用户 ID",
			"type": "default",
			"enabled": true
		},
		{
			"key": "tabel_f3_field3",
			"value": "email",
			"type": "default",
			"enabled": true
		},
		{
			"key": "tabel_f3_field3_alias",
			"value": "电子邮件",
			"type": "default",
			"enabled": true
		},
		{
			"key": "tabel_f3_field4",
			"value": "id_pesanan",
			"type": "default",
			"enabled": true
		},
		{
			"key": "tabel_f3_field4_alias",
			"value": "订单 ID",
			"type": "default",
			"enabled": true
		},
		{
			"key": "tabel_f3_field5",
			"value": "metode",
			"type": "default",
			"enabled": true
		},
		{
			"key": "tabel_f3_field5_alias",
			"value": "支付方式",
			"type": "default",
			"enabled": true
		},
		{
			"key": "tabel_f3_field5_value1",
			"value": "debit",
			"type": "default",
			"enabled": true
		},
		{
			"key": "tabel_f3_field5_value1_alias",
			"value": "借记卡",
			"type": "default",
			"enabled": true
		},
		{
			"key": "tabel_f3_field5_value2",
			"value": "kredit",
			"type": "default",
			"enabled": true
		},
		{
			"key": "tabel_f3_field5_value2_alias",
			"value": "信用卡",
			"type": "default",
			"enabled": true
		},
		{
			"key": "tabel_f3_field6",
			"value": "bayar",
			"type": "default",
			"enabled": true
		},
		{
			"key": "tabel_f3_field6_alias",
			"value": "付款金额",
			"type": "default",
			"enabled": true
		},
		{
			"key": "tabel_f3_field7",
			"value": "tgl_transaksi",
			"type": "default",
			"enabled": true
		},
		{
			"key": "tabel_f3_field7_alias",
			"value": "交易日期",
			"type": "default",
			"enabled": true
		},
		{
			"key": "tabel_f4",
			"value": "operations",
			"type": "default",
			"enabled": true
		},
		{
			"key": "tabel_f4_alias",
			"value": "酒店运营",
			"type": "default",
			"enabled": true
		},
		{
			"key": "tabel_f4_field1",
			"value": "id_operations",
			"type": "default",
			"enabled": true
		},
		{
			"key": "tabel_f4_field1_alias",
			"value": "运营 ID",
			"type": "default",
			"enabled": true
		},
		{
			"key": "tabel_f4_field2",
			"value": "no_kamar",
			"type": "default",
			"enabled": true
		},
		{
			"key": "tabel_f4_field2_alias",
			"value": "房间号",
			"type": "default",
			"enabled": true
		},
		{
			"key": "tabel_f4_field3",
			"value": "id_user",
			"type": "default",
			"enabled": true
		},
		{
			"key": "tabel_f4_field3_alias",
			"value": "用户 ID",
			"type": "default",
			"enabled": true
		},
		{
			"key": "tabel_f4_field4",
			"value": "id_petugas",
			"type": "default",
			"enabled": true
		},
		{
			"key": "tabel_f4_field4_alias",
			"value": "状态",
			"type": "default",
			"enabled": true
		},
		{
			"key": "tabel_f4_field5",
			"value": "status",
			"type": "default",
			"enabled": true
		},
		{
			"key": "tabel_f4_field5_alias",
			"value": "备注",
			"type": "default",
			"enabled": true
		},
		{
			"key": "tabel_f4_field6",
			"value": "keterangan",
			"type": "default",
			"enabled": true
		},
		{
			"key": "tabel_f4_field6_alias",
			"value": "变更日期",
			"type": "default",
			"enabled": true
		},
		{
			"key": "tabel_f4_field7",
			"value": "tgl_perubahan",
			"type": "default",
			"enabled": true
		},
		{
			"key": "tabel_f4_field7_alias",
			"value": "Tanggal Perubahan",
			"type": "default",
			"enabled": true
		}
	],
	"_postman_variable_scope": "environment",
	"_postman_exported_at": "2024-04-03T14:13:55.349Z",
	"_postman_exported_using": "Postman/10.24.15"
}